-- phpMyAdmin SQL Dump
-- version 4.0.10deb1
-- http://www.phpmyadmin.net
--
-- Host: localhost
-- Generation Time: Sep 19, 2015 at 11:04 PM
-- Server version: 5.5.44-0ubuntu0.14.04.1
-- PHP Version: 5.5.9-1ubuntu4.11

SET SQL_MODE = "NO_AUTO_VALUE_ON_ZERO";
SET time_zone = "+00:00";


/*!40101 SET @OLD_CHARACTER_SET_CLIENT=@@CHARACTER_SET_CLIENT */;
/*!40101 SET @OLD_CHARACTER_SET_RESULTS=@@CHARACTER_SET_RESULTS */;
/*!40101 SET @OLD_COLLATION_CONNECTION=@@COLLATION_CONNECTION */;
/*!40101 SET NAMES utf8 */;

--
-- Database: `samssoft`
--

-- --------------------------------------------------------

--
-- Table structure for table `activities`
--

CREATE TABLE IF NOT EXISTS `activities` (
  `id` int(11) NOT NULL AUTO_INCREMENT,
  `user_id` int(11) NOT NULL,
  `activity` varchar(300) NOT NULL,
  `created_at` int(11) NOT NULL,
  PRIMARY KEY (`id`)
) ENGINE=InnoDB  DEFAULT CHARSET=latin1 AUTO_INCREMENT=53 ;

--
-- Dumping data for table `activities`
--

INSERT INTO `activities` (`id`, `user_id`, `activity`, `created_at`) VALUES
(1, 1, 'Added Feroz Ahmed as agent', 1430586252),
(2, 1, 'Added Feroz Ahmed as agent', 1430586927),
(3, 1, 'Added Feroz Ahmed as agent', 1430675701),
(4, 4, 'Added Juwel  as agent', 1430676050),
(5, 1, 'Updated admin settings', 1430937873),
(6, 1, 'Blocked Juwel  from Agent', 1430939092),
(7, 1, 'Unblocked Apu Sarkar from Agent', 1431026459),
(8, 1, 'Blocked Apu Sarkar from Agent', 1431026475),
(9, 1, 'Added Feroz Ahmed as admin', 1431031428),
(10, 1, 'Blocked Feroz Ahmed from Agent', 1431074588),
(11, 1, 'Unblocked Feroz Ahmed from Agent', 1431074597),
(12, 1, 'Blocked Feroz Ahmed from Agent', 1431074624),
(13, 1, 'Unblocked Feroz Ahmed from Agent', 1431074630),
(14, 1, 'Blocked Feroz Ahmed from Agent', 1431074753),
(15, 1, 'Unblocked Feroz Ahmed from Agent', 1431074755),
(16, 1, 'Added  Category', 1432137981),
(17, 1, 'Added  Category', 1432139760),
(18, 1, 'Deleted Fashion Category', 1432139763),
(19, 1, 'Updated Electronic Category', 1432141992),
(20, 1, 'Updated Electronics Category', 1432141997),
(21, 1, 'Added Fashion Category', 1432142049),
(22, 1, 'Deleted Juwel  from Agent', 1432142125),
(23, 1, 'Deleted Juwel  from Agent', 1432142128),
(24, 1, 'Deleted Juwel  from Agent', 1432142132),
(25, 1, 'Deleted Juwel  from Agent', 1432142136),
(26, 1, 'sell out product, amount : 590', 1432406082),
(27, 1, 'sell out product, amount : 80', 1432406758),
(28, 1, 'you have made a 20 amount payment for Mr Apu Sarkar', 1432588245),
(29, 29, 'you have withdraw 20 amount ', 1432588245),
(30, 28, 'sell out product, amount : 106', 1439627391),
(31, 1, 'Updated admin settings', 1440005265),
(32, 1, 'Updated admin settings', 1440005270),
(33, 1, 'Updated admin settings', 1440005369),
(34, 1, 'have made a 20 amount payment for Md Hossain Shohel', 1440615944),
(35, 1, 'have withdraw 20 amount ', 1440615944),
(36, 1, 'have made a 20 amount payment for Feroz Ahmed', 1440616151),
(37, 4, 'have withdraw 20 amount ', 1440616151),
(38, 1, 'have made a 10 amount payment for Mr Apu Sarkar', 1440617920),
(39, 29, 'have withdraw 10 amount ', 1440617920),
(40, 4, 'Added Andrew Alexander as agent', 1441470244),
(41, 1, 'sell out product, amount : 40', 1442344854),
(42, 1, 'sell out product, amount : 550', 1442422368),
(43, 1, 'Updated admin settings', 1442647872),
(44, 1, 'Updated admin settings', 1442647887),
(45, 1, 'Updated admin settings', 1442647914),
(46, 1, 'Updated admin settings', 1442648339),
(47, 1, 'Updated admin settings', 1442648679),
(48, 4, 'made a payment request for 30', 1442659791),
(49, 4, 'made a payment request for 50', 1442659933),
(50, 1, 'Updated admin settings', 1442679881),
(51, 1, 'Updated admin settings', 1442680020),
(52, 1, 'Updated admin settings', 1442680026);

-- --------------------------------------------------------

--
-- Table structure for table `admin_settings`
--

CREATE TABLE IF NOT EXISTS `admin_settings` (
  `id` smallint(5) unsigned NOT NULL AUTO_INCREMENT,
  `company_name` varchar(255) NOT NULL,
  `default_email` varchar(200) NOT NULL,
  `agent_commision` varchar(20) NOT NULL,
  `user_commision` varchar(20) NOT NULL,
  `referral_commision` varchar(20) NOT NULL,
  `admin_commision` varchar(20) NOT NULL,
  `contact_address` text NOT NULL,
  `updated_by` int(11) NOT NULL,
  `updated_at` int(11) NOT NULL,
  PRIMARY KEY (`id`)
) ENGINE=InnoDB  DEFAULT CHARSET=latin1 AUTO_INCREMENT=7 ;

--
-- Dumping data for table `admin_settings`
--

INSERT INTO `admin_settings` (`id`, `company_name`, `default_email`, `agent_commision`, `user_commision`, `referral_commision`, `admin_commision`, `contact_address`, `updated_by`, `updated_at`) VALUES
(1, '', 'mhshohel89@gmail.com', '8', '4', '3', '25', '', 0, 0),
(3, 'Company Name', 'mhshohel89@gmail.com', '12', '9', '7', '25', '', 1, 1430937873),
(4, '', 'mhshohel89@gmail.com', '12', '9', '7', '25', '', 1, 1440005264),
(5, '', 'mhshohel89@gmail.com', '12', '9', '7', '25', '', 1, 1440005269),
(6, 'Company Name', 'mhshohel89@gmail.com', '12', '9', '7', '25', '', 1, 1440005369);

-- --------------------------------------------------------

--
-- Table structure for table `categories`
--

CREATE TABLE IF NOT EXISTS `categories` (
  `id` int(11) NOT NULL AUTO_INCREMENT,
  `name` varchar(255) NOT NULL,
  `commission_percent` varchar(20) NOT NULL,
  `added_by` int(11) NOT NULL,
  `created_at` int(11) NOT NULL,
  `modified_at` int(11) NOT NULL,
  PRIMARY KEY (`id`)
) ENGINE=InnoDB  DEFAULT CHARSET=latin1 AUTO_INCREMENT=4 ;

--
-- Dumping data for table `categories`
--

INSERT INTO `categories` (`id`, `name`, `commission_percent`, `added_by`, `created_at`, `modified_at`) VALUES
(1, 'Electronics', '15', 1, 1432141997, 1432141997),
(3, 'Fashion', '10', 1, 1432142049, 1432142049);

-- --------------------------------------------------------

--
-- Table structure for table `ci_sessions`
--

CREATE TABLE IF NOT EXISTS `ci_sessions` (
  `id` varchar(40) NOT NULL,
  `ip_address` varchar(45) NOT NULL,
  `timestamp` int(10) unsigned NOT NULL DEFAULT '0',
  `data` blob NOT NULL,
  PRIMARY KEY (`id`),
  KEY `ci_sessions_timestamp` (`timestamp`)
) ENGINE=InnoDB DEFAULT CHARSET=latin1;

--
-- Dumping data for table `ci_sessions`
--

INSERT INTO `ci_sessions` (`id`, `ip_address`, `timestamp`, `data`) VALUES
('0156d8a35a40139e3eb9d6855a2b7b70ba8066bd', '127.0.0.1', 1432284702, 0x5f5f63695f6c6173745f726567656e65726174657c693a313433323237353431393b6c6f676765645f757365727c613a343a7b733a353a22656d61696c223b733a32303a226d6873686f68656c383940676d61696c2e636f6d223b733a373a22757365725f6964223b733a313a2231223b733a343a22726f6c65223b733a353a2261646d696e223b733a393a226c6f676765645f696e223b623a313b7d),
('0255c1a4d07449bfccca8d4db1f43ef993225837', '127.0.0.1', 1432324931, 0x5f5f63695f6c6173745f726567656e65726174657c693a313433323332343933313b),
('055623fba7ead8d1687a5461908b2602d29760a1', '127.0.0.1', 1430770013, 0x5f5f63695f6c6173745f726567656e65726174657c693a313433303735383834393b6c6f676765645f757365727c613a343a7b733a353a22656d61696c223b733a32303a226d6873686f68656c383940676d61696c2e636f6d223b733a373a22757365725f6964223b733a313a2231223b733a343a22726f6c65223b733a353a2261646d696e223b733a393a226c6f676765645f696e223b623a313b7d),
('086835a57afd918c3a90872cb2f7097ad1c3e17d', '127.0.0.1', 1440007930, 0x5f5f63695f6c6173745f726567656e65726174657c693a313434303030303835333b6c6f676765645f757365727c613a343a7b733a353a22656d61696c223b733a32303a226d6873686f68656c383940676d61696c2e636f6d223b733a373a22757365725f6964223b733a313a2231223b733a343a22726f6c65223b733a353a2261646d696e223b733a393a226c6f676765645f696e223b623a313b7d737563636573734d73677c733a32333a2250617373776f7264204368616e67652053756363657373223b5f5f63695f766172737c613a313a7b733a31303a22737563636573734d7367223b733a333a226f6c64223b7d),
('0a78e02b95fb182818154590b44d9342ea761a19', '127.0.0.1', 1432756237, 0x5f5f63695f6c6173745f726567656e65726174657c693a313433323734333032373b6c6f676765645f757365727c613a343a7b733a353a22656d61696c223b733a32303a226d6873686f68656c383940676d61696c2e636f6d223b733a373a22757365725f6964223b733a313a2231223b733a343a22726f6c65223b733a353a2261646d696e223b733a393a226c6f676765645f696e223b623a313b7d),
('0a9dc745c5739a330199c192f09a750d47b411c4', '127.0.0.1', 1441447296, 0x5f5f63695f6c6173745f726567656e65726174657c693a313434313434373238373b6c6f676765645f757365727c613a343a7b733a353a22656d61696c223b733a32303a226d6873686f68656c383940676d61696c2e636f6d223b733a373a22757365725f6964223b733a313a2231223b733a343a22726f6c65223b733a353a2261646d696e223b733a393a226c6f676765645f696e223b623a313b7d),
('0ac8f5aadae5e4e8a65d654ead7e005ffec36266', '127.0.0.1', 1431035271, 0x5f5f63695f6c6173745f726567656e65726174657c693a313433313031313739303b72656469726563745f617574685f7572697c733a393a2264617368626f617264223b),
('0e16ab7dfe8d49f0657b3b32678eef1c04c583a8', '127.0.0.1', 1432668289, 0x5f5f63695f6c6173745f726567656e65726174657c693a313433323636323134313b72656469726563745f617574685f7572697c733a32363a226163636f756e742f7769746864726177616c5f7061796d656e74223b6c6f676765645f757365727c613a343a7b733a353a22656d61696c223b733a31313a22776566644062752e656475223b733a373a22757365725f6964223b733a323a223238223b733a343a22726f6c65223b733a353a226167656e74223b733a393a226c6f676765645f696e223b623a313b7d),
('182c6da2a4331b041880f8d8cf94c9287248be26', '127.0.0.1', 1433487818, 0x5f5f63695f6c6173745f726567656e65726174657c693a313433333438363132363b6c6f676765645f757365727c613a343a7b733a353a22656d61696c223b733a32303a226d6873686f68656c383940676d61696c2e636f6d223b733a373a22757365725f6964223b733a313a2231223b733a343a22726f6c65223b733a353a2261646d696e223b733a393a226c6f676765645f696e223b623a313b7d),
('18b87445bf864b952a62f7be32555173f3c21c43', '127.0.0.1', 1440864040, 0x5f5f63695f6c6173745f726567656e65726174657c693a313434303836343032313b6c6f676765645f757365727c613a343a7b733a353a22656d61696c223b733a32303a226d6873686f68656c383940676d61696c2e636f6d223b733a373a22757365725f6964223b733a313a2231223b733a343a22726f6c65223b733a353a2261646d696e223b733a393a226c6f676765645f696e223b623a313b7d),
('22ab6128c6a5119f86112c87490786ad40d7968f', '127.0.0.1', 1442680074, 0x5f5f63695f6c6173745f726567656e65726174657c693a313434323637393534313b6c6f676765645f757365727c613a343a7b733a353a22656d61696c223b733a32303a226d6873686f68656c383940676d61696c2e636f6d223b733a373a22757365725f6964223b733a313a2231223b733a343a22726f6c65223b733a353a2261646d696e223b733a393a226c6f676765645f696e223b623a313b7d),
('27c30a0201a897aa2e3b83169a78ce78eafcc233', '127.0.0.1', 1433176478, 0x5f5f63695f6c6173745f726567656e65726174657c693a313433333137353437383b72656469726563745f617574685f7572697c733a32343a2270726f647563742f6e65775f70726f647563745f73656c6c223b6c6f676765645f757365727c613a343a7b733a353a22656d61696c223b733a32303a226d6873686f68656c383940676d61696c2e636f6d223b733a373a22757365725f6964223b733a313a2231223b733a343a22726f6c65223b733a353a2261646d696e223b733a393a226c6f676765645f696e223b623a313b7d),
('27dc8124b905b0eb75b182bb3630f74e8a556892', '127.0.0.1', 1431163413, 0x5f5f63695f6c6173745f726567656e65726174657c693a313433313135373336393b6c6f676765645f757365727c613a343a7b733a353a22656d61696c223b733a32303a226d6873686f68656c383940676d61696c2e636f6d223b733a373a22757365725f6964223b733a313a2231223b733a343a22726f6c65223b733a353a2261646d696e223b733a393a226c6f676765645f696e223b623a313b7d),
('286c54fb507f0fb3304f402003aa0d1eee17b21f', '127.0.0.1', 1440186021, 0x5f5f63695f6c6173745f726567656e65726174657c693a313434303136343733373b6c6f676765645f757365727c613a343a7b733a353a22656d61696c223b733a32303a226d6873686f68656c383940676d61696c2e636f6d223b733a373a22757365725f6964223b733a313a2231223b733a343a22726f6c65223b733a353a2261646d696e223b733a393a226c6f676765645f696e223b623a313b7d),
('2a92482687ec08ca2d1395250a2aedc65d0b5dc3', '127.0.0.1', 1433267544, 0x5f5f63695f6c6173745f726567656e65726174657c693a313433333236363834383b),
('2b9b37082469723fbfe3824b6819f2704b006205', '127.0.0.1', 1430939092, 0x5f5f63695f6c6173745f726567656e65726174657c693a313433303932383531323b6c6f676765645f757365727c613a343a7b733a353a22656d61696c223b733a32303a226d6873686f68656c383940676d61696c2e636f6d223b733a373a22757365725f6964223b733a313a2231223b733a343a22726f6c65223b733a353a2261646d696e223b733a393a226c6f676765645f696e223b623a313b7d),
('2ceae0230ce78becb4462004eb60c9ff17ece691', '127.0.0.1', 1434048406, 0x5f5f63695f6c6173745f726567656e65726174657c693a313433343034373838393b6c6f676765645f757365727c613a343a7b733a353a22656d61696c223b733a32303a226d6873686f68656c383940676d61696c2e636f6d223b733a373a22757365725f6964223b733a313a2231223b733a343a22726f6c65223b733a353a2261646d696e223b733a393a226c6f676765645f696e223b623a313b7d),
('2f266fddc66bf8fcb4bf496578e446333114ea10', '127.0.0.1', 1431107133, 0x5f5f63695f6c6173745f726567656e65726174657c693a313433313130373133333b),
('2fc3ff3a122e82bbda0dd9d616d701788748b781', '127.0.0.1', 1441362503, 0x5f5f63695f6c6173745f726567656e65726174657c693a313434313335373538343b6c6f676765645f757365727c613a343a7b733a353a22656d61696c223b733a32303a226d6873686f68656c383940676d61696c2e636f6d223b733a373a22757365725f6964223b733a313a2231223b733a343a22726f6c65223b733a353a2261646d696e223b733a393a226c6f676765645f696e223b623a313b7d),
('30f854dd4b5d243a3092d546e4b88632a0cd0df8', '127.0.0.1', 1442253317, 0x5f5f63695f6c6173745f726567656e65726174657c693a313434323235333331333b6c6f676765645f757365727c613a343a7b733a353a22656d61696c223b733a32303a226d6873686f68656c383940676d61696c2e636f6d223b733a373a22757365725f6964223b733a313a2231223b733a343a22726f6c65223b733a353a2261646d696e223b733a393a226c6f676765645f696e223b623a313b7d),
('320261b0831ad36cf6d6fa6537d14e1c93141b54', '127.0.0.1', 1432663857, 0x5f5f63695f6c6173745f726567656e65726174657c693a313433323636333835373b),
('39dfcba99df71bf707f6d413c55fea66e1171c04', '127.0.0.1', 1433487118, 0x5f5f63695f6c6173745f726567656e65726174657c693a313433333438373131383b6c6f67676564496e5f6661696c7c733a32333a22596f7520617265206e6f74207065726d69747465642021223b5f5f63695f766172737c613a313a7b733a31333a226c6f67676564496e5f6661696c223b733a333a226e6577223b7d72656469726563745f617574685f7572697c733a353a226167656e74223b),
('3a14ab43594f188eff494993e1043f73182d53cc', '127.0.0.1', 1431183474, 0x5f5f63695f6c6173745f726567656e65726174657c693a313433313138333430303b),
('3a3d11730e28e94d1d0c87608e917aa0df81a745', '127.0.0.1', 1432588491, 0x5f5f63695f6c6173745f726567656e65726174657c693a313433323537313638303b6c6f676765645f757365727c613a343a7b733a353a22656d61696c223b733a32303a226d6873686f68656c383940676d61696c2e636f6d223b733a373a22757365725f6964223b733a313a2231223b733a343a22726f6c65223b733a353a2261646d696e223b733a393a226c6f676765645f696e223b623a313b7d),
('3bfffde1af878a49e39f93d46a9b277f4e76c792', '127.0.0.1', 1432135967, 0x5f5f63695f6c6173745f726567656e65726174657c693a313433323133353936373b6c6f67676564496e5f6661696c7c733a32333a22596f7520617265206e6f74207065726d69747465642021223b5f5f63695f766172737c613a313a7b733a31333a226c6f67676564496e5f6661696c223b733a333a226e6577223b7d72656469726563745f617574685f7572697c733a353a226167656e74223b),
('3ca3b11733fdaa50f20009871be4baf3526d037a', '127.0.0.1', 1442430784, 0x5f5f63695f6c6173745f726567656e65726174657c693a313434323432313634363b6c6f676765645f757365727c613a343a7b733a353a22656d61696c223b733a32303a226d6873686f68656c383940676d61696c2e636f6d223b733a373a22757365725f6964223b733a313a2231223b733a343a22726f6c65223b733a353a2261646d696e223b733a393a226c6f676765645f696e223b623a313b7d),
('3dfcd622842a2b6ff055a27ff9da573fd0c04c97', '127.0.0.1', 1433528078, 0x5f5f63695f6c6173745f726567656e65726174657c693a313433333532383037383b6c6f67676564496e5f6661696c7c733a32333a22596f7520617265206e6f74207065726d69747465642021223b5f5f63695f766172737c613a313a7b733a31333a226c6f67676564496e5f6661696c223b733a333a226e6577223b7d72656469726563745f617574685f7572697c733a393a2264617368626f617264223b),
('3fbac174ef29d287df8c56a53e00bf0bc018c457', '127.0.0.1', 1433090731, 0x5f5f63695f6c6173745f726567656e65726174657c693a313433333038373136343b72656469726563745f617574685f7572697c733a393a2264617368626f617264223b),
('4008b7093b97a1b98628c560ccb2bba08b61b101', '127.0.0.1', 1433487118, 0x5f5f63695f6c6173745f726567656e65726174657c693a313433333438373131383b),
('43afdf5087206579985faaa01d09dd5be66278f7', '127.0.0.1', 1431185355, 0x5f5f63695f6c6173745f726567656e65726174657c693a313433313138353335353b),
('43bc8806a922e3673cf1b59c6ea9d1ad00974375', '127.0.0.1', 1434048032, 0x5f5f63695f6c6173745f726567656e65726174657c693a313433343034383033323b),
('45b3b082d525d37e730717d4d05af7404ab7145c', '127.0.0.1', 1438439476, 0x5f5f63695f6c6173745f726567656e65726174657c693a313433383433393437363b),
('4accd8bd12bb0dbcf10bdecda1279b57b46753b4', '127.0.0.1', 1431185355, 0x5f5f63695f6c6173745f726567656e65726174657c693a313433313138353335353b6c6f67676564496e5f6661696c7c733a32333a22596f7520617265206e6f74207065726d69747465642021223b5f5f63695f766172737c613a313a7b733a31333a226c6f67676564496e5f6661696c223b733a333a226e6577223b7d72656469726563745f617574685f7572697c733a353a226167656e74223b),
('4ad21a1a7d0a10d9e23e79ace8a9ede4371bab13', '127.0.0.1', 1441392681, 0x5f5f63695f6c6173745f726567656e65726174657c693a313434313336363139383b6c6f676765645f757365727c613a343a7b733a353a22656d61696c223b733a32303a226d6873686f68656c383940676d61696c2e636f6d223b733a373a22757365725f6964223b733a313a2231223b733a343a22726f6c65223b733a353a2261646d696e223b733a393a226c6f676765645f696e223b623a313b7d),
('4fa413e8de5746e2004f91719a2cb9e394b9b022', '127.0.0.1', 1430767243, 0x5f5f63695f6c6173745f726567656e65726174657c693a313433303736373234333b6c6f67676564496e5f6661696c7c733a32343a22596f7520617265206e6f7420617574686f72697365642021223b5f5f63695f766172737c613a313a7b733a31333a226c6f67676564496e5f6661696c223b733a333a226e6577223b7d72656469726563745f617574685f7572697c733a353a226167656e74223b),
('4fb73fbaa8d6608cb085636da687fa6a5eefd68a', '127.0.0.1', 1440442491, 0x5f5f63695f6c6173745f726567656e65726174657c693a313434303433393434303b6c6f676765645f757365727c613a343a7b733a353a22656d61696c223b733a32303a226d6873686f68656c383940676d61696c2e636f6d223b733a373a22757365725f6964223b733a313a2231223b733a343a22726f6c65223b733a353a2261646d696e223b733a393a226c6f676765645f696e223b623a313b7d),
('5523cc659cc75eea233f8f89b97d58c46687b786', '127.0.0.1', 1432834482, 0x5f5f63695f6c6173745f726567656e65726174657c693a313433323833343438323b),
('567e543444e5fa4e8b197f207ce795ac39a7e098', '127.0.0.1', 1442085447, 0x5f5f63695f6c6173745f726567656e65726174657c693a313434323038333635303b6c6f676765645f757365727c613a343a7b733a353a22656d61696c223b733a32303a226d6873686f68656c383940676d61696c2e636f6d223b733a373a22757365725f6964223b733a313a2231223b733a343a22726f6c65223b733a353a2261646d696e223b733a393a226c6f676765645f696e223b623a313b7d),
('579693ce6005a0a017dc9ba13f64b99c7d2b78ff', '127.0.0.1', 1434048032, 0x5f5f63695f6c6173745f726567656e65726174657c693a313433343034383033323b6c6f67676564496e5f6661696c7c733a32333a22596f7520617265206e6f74207065726d69747465642021223b5f5f63695f766172737c613a313a7b733a31333a226c6f67676564496e5f6661696c223b733a333a226e6577223b7d72656469726563745f617574685f7572697c733a32303a226163636f756e742f6167656e74735f73616c6573223b),
('5cc167de225c64f40feb77b57e23fcc57e5b848b', '127.0.0.1', 1432836536, 0x5f5f63695f6c6173745f726567656e65726174657c693a313433323833353331343b),
('5f15decfee7e38ca00a086a6b833fa575f29dca6', '127.0.0.1', 1433017432, 0x5f5f63695f6c6173745f726567656e65726174657c693a313433333031373433323b),
('650ce6adbde6fac325da2144fa53ea84be45b5a0', '127.0.0.1', 1430593834, 0x5f5f63695f6c6173745f726567656e65726174657c693a313433303539303931303b6c6f676765645f757365727c613a343a7b733a353a22656d61696c223b733a32303a226d6873686f68656c383940676d61696c2e636f6d223b733a373a22757365725f6964223b733a313a2231223b733a343a22726f6c65223b733a353a2261646d696e223b733a393a226c6f676765645f696e223b623a313b7d),
('660ec800083d9d51f6ef834247a10fd58c04504c', '127.0.0.1', 1439627790, 0x5f5f63695f6c6173745f726567656e65726174657c693a313433393632333532323b6c6f676765645f757365727c613a343a7b733a353a22656d61696c223b733a31313a22776566644062752e656475223b733a373a22757365725f6964223b733a323a223238223b733a343a22726f6c65223b733a353a226167656e74223b733a393a226c6f676765645f696e223b623a313b7d),
('6c3900e9f80d1d5b6d95f30b5c27e5c2607cd13c', '127.0.0.1', 1439837757, 0x5f5f63695f6c6173745f726567656e65726174657c693a313433393833343033383b6c6f676765645f757365727c613a343a7b733a353a22656d61696c223b733a32303a226d6873686f68656c383940676d61696c2e636f6d223b733a373a22757365725f6964223b733a313a2231223b733a343a22726f6c65223b733a353a2261646d696e223b733a393a226c6f676765645f696e223b623a313b7d),
('6d833da51761a654c874356e95d5703a1a9b55cd', '127.0.0.1', 1441471425, 0x5f5f63695f6c6173745f726567656e65726174657c693a313434313436383133303b6c6f676765645f757365727c613a343a7b733a353a22656d61696c223b733a32303a226d6873686f68656c383940676d61696c2e636f6d223b733a373a22757365725f6964223b733a313a2231223b733a343a22726f6c65223b733a353a2261646d696e223b733a393a226c6f676765645f696e223b623a313b7d),
('7068eee7f3278c79050330bc24f90a39ef8ef188', '127.0.0.1', 1442166942, 0x5f5f63695f6c6173745f726567656e65726174657c693a313434323136363931323b6c6f676765645f757365727c613a343a7b733a353a22656d61696c223b733a32303a226d6873686f68656c383940676d61696c2e636f6d223b733a373a22757365725f6964223b733a313a2231223b733a343a22726f6c65223b733a353a2261646d696e223b733a393a226c6f676765645f696e223b623a313b7d),
('70cd4ac819a8001d60587982c5ccecf23300976b', '127.0.0.1', 1432404030, 0x5f5f63695f6c6173745f726567656e65726174657c693a313433323430343033303b),
('7197887a030a3f6e36eff2a16f2199c8de58ceae', '127.0.0.1', 1432145992, 0x5f5f63695f6c6173745f726567656e65726174657c693a313433323133353935373b6c6f676765645f757365727c613a343a7b733a353a22656d61696c223b733a32303a226d6873686f68656c383940676d61696c2e636f6d223b733a373a22757365725f6964223b733a313a2231223b733a343a22726f6c65223b733a353a2261646d696e223b733a393a226c6f676765645f696e223b623a313b7d),
('72c5135253a1a1a4a56296ae53d352efe045c916', '127.0.0.1', 1438535000, 0x5f5f63695f6c6173745f726567656e65726174657c693a313433383533353030303b6c6f67676564496e5f6661696c7c733a32333a22596f7520617265206e6f74207065726d69747465642021223b5f5f63695f766172737c613a313a7b733a31333a226c6f67676564496e5f6661696c223b733a333a226e6577223b7d72656469726563745f617574685f7572697c733a32303a226163636f756e742f6167656e74735f73616c6573223b),
('7380ebc793b6609283cecab16d5e0b60e589b1bf', '127.0.0.1', 1433528079, 0x5f5f63695f6c6173745f726567656e65726174657c693a313433333532383037393b),
('7684d4aaa91056b8ba1aace28c907ffebbe32261', '127.0.0.1', 1432657982, 0x5f5f63695f6c6173745f726567656e65726174657c693a313433323635373938323b),
('76abcf74214949ae5a2b82e4178a62812cd3c98a', '127.0.0.1', 1430767243, 0x5f5f63695f6c6173745f726567656e65726174657c693a313433303736373234333b),
('7c173de716346ba84349e41259e1d31f624a2dc7', '127.0.0.1', 1438439476, 0x5f5f63695f6c6173745f726567656e65726174657c693a313433383433393437363b6c6f67676564496e5f6661696c7c733a32333a22596f7520617265206e6f74207065726d69747465642021223b5f5f63695f766172737c613a313a7b733a31333a226c6f67676564496e5f6661696c223b733a333a226e6577223b7d72656469726563745f617574685f7572697c733a393a2264617368626f617264223b),
('82e4619d5a82945f1b43c110217993405d1e7794', '127.0.0.1', 1431279084, 0x5f5f63695f6c6173745f726567656e65726174657c693a313433313237393038343b),
('84e4a78648b30178095d8d8b31e99441014540a2', '127.0.0.1', 1432493917, 0x5f5f63695f6c6173745f726567656e65726174657c693a313433323438373239343b6c6f676765645f757365727c613a343a7b733a353a22656d61696c223b733a32303a226d6873686f68656c383940676d61696c2e636f6d223b733a373a22757365725f6964223b733a313a2231223b733a343a22726f6c65223b733a353a2261646d696e223b733a393a226c6f676765645f696e223b623a313b7d),
('860b51cf782651ff71980f74516cc4ea1dd329a5', '127.0.0.1', 1432236334, 0x5f5f63695f6c6173745f726567656e65726174657c693a313433323233323238373b6c6f676765645f757365727c613a343a7b733a353a22656d61696c223b733a32303a226d6873686f68656c383940676d61696c2e636f6d223b733a373a22757365725f6964223b733a313a2231223b733a343a22726f6c65223b733a353a2261646d696e223b733a393a226c6f676765645f696e223b623a313b7d),
('89615956c775c1d25da3fa8f995586fdaf985920', '127.0.0.1', 1432667668, 0x5f5f63695f6c6173745f726567656e65726174657c693a313433323636373636383b),
('8ced052e49dc0f1d1dc828d17c081d636fdfe1ba', '127.0.0.1', 1431192748, 0x5f5f63695f6c6173745f726567656e65726174657c693a313433313138353334333b6c6f676765645f757365727c613a343a7b733a353a22656d61696c223b733a32303a226d6873686f68656c383940676d61696c2e636f6d223b733a373a22757365725f6964223b733a313a2231223b733a343a22726f6c65223b733a353a2261646d696e223b733a393a226c6f676765645f696e223b623a313b7d),
('8df0f65ca2dcbb1e5f0d49be6b0e1a03ba2954f9', '127.0.0.1', 1432325403, 0x5f5f63695f6c6173745f726567656e65726174657c693a313433323330333439343b6c6f676765645f757365727c613a343a7b733a353a22656d61696c223b733a32303a226d6873686f68656c383940676d61696c2e636f6d223b733a373a22757365725f6964223b733a313a2231223b733a343a22726f6c65223b733a353a2261646d696e223b733a393a226c6f676765645f696e223b623a313b7d),
('9179b9706ea2d0d45e11d43f55b94156a8e0ae88', '127.0.0.1', 1432663857, 0x5f5f63695f6c6173745f726567656e65726174657c693a313433323636333835373b6c6f67676564496e5f6661696c7c733a32333a22596f7520617265206e6f74207065726d69747465642021223b5f5f63695f766172737c613a313a7b733a31333a226c6f67676564496e5f6661696c223b733a333a226e6577223b7d72656469726563745f617574685f7572697c733a32343a2270726f647563742f6e65775f70726f647563745f73656c6c223b),
('9191622fae1fc676fb8ac647b887df26060c0850', '127.0.0.1', 1442672194, 0x5f5f63695f6c6173745f726567656e65726174657c693a313434323634363334393b6c6f676765645f757365727c613a343a7b733a353a22656d61696c223b733a32303a226d6873686f68656c383940676d61696c2e636f6d223b733a373a22757365725f6964223b733a313a2231223b733a343a22726f6c65223b733a353a2261646d696e223b733a393a226c6f676765645f696e223b623a313b7d),
('94dc2f9b0c747292385f599920005007c99bdccc', '127.0.0.1', 1431107133, 0x5f5f63695f6c6173745f726567656e65726174657c693a313433313130373133333b6c6f67676564496e5f6661696c7c733a32333a22596f7520617265206e6f74207065726d69747465642021223b5f5f63695f766172737c613a313a7b733a31333a226c6f67676564496e5f6661696c223b733a333a226e6577223b7d72656469726563745f617574685f7572697c733a393a2264617368626f617264223b),
('94e080c5d0f62f1ee8570079c371f3d669136a3c', '127.0.0.1', 1439627694, 0x5f5f63695f6c6173745f726567656e65726174657c693a313433393632373237383b6c6f676765645f757365727c613a343a7b733a353a22656d61696c223b733a31313a22776566644062752e656475223b733a373a22757365725f6964223b733a323a223238223b733a343a22726f6c65223b733a353a226167656e74223b733a393a226c6f676765645f696e223b623a313b7d),
('9dbe8a24bdfac5632c6601257a1add6ce2bf2227', '127.0.0.1', 1432667668, 0x5f5f63695f6c6173745f726567656e65726174657c693a313433323636373636383b6c6f67676564496e5f6661696c7c733a32333a22596f7520617265206e6f74207065726d69747465642021223b5f5f63695f766172737c613a313a7b733a31333a226c6f67676564496e5f6661696c223b733a333a226e6577223b7d72656469726563745f617574685f7572697c733a393a2264617368626f617264223b),
('9e6c26923736158d5ffdd7b4c7784c9959714a78', '127.0.0.1', 1431110616, 0x5f5f63695f6c6173745f726567656e65726174657c693a313433313130313235343b6c6f676765645f757365727c613a343a7b733a353a22656d61696c223b733a32303a226d6873686f68656c383940676d61696c2e636f6d223b733a373a22757365725f6964223b733a313a2231223b733a343a22726f6c65223b733a353a2261646d696e223b733a393a226c6f676765645f696e223b623a313b7d),
('a6e78b02bef6228704c465ce43c6a60926ab0793', '127.0.0.1', 1430852326, 0x5f5f63695f6c6173745f726567656e65726174657c693a313433303834313939343b6c6f676765645f757365727c613a343a7b733a353a22656d61696c223b733a32303a226d6873686f68656c383940676d61696c2e636f6d223b733a373a22757365725f6964223b733a313a2231223b733a343a22726f6c65223b733a353a2261646d696e223b733a393a226c6f676765645f696e223b623a313b7d),
('b3d931a9da01b1a90c5d4489f559ee018f00f436', '127.0.0.1', 1431086147, 0x5f5f63695f6c6173745f726567656e65726174657c693a313433313037313539313b6c6f676765645f757365727c613a343a7b733a353a22656d61696c223b733a32303a226d6873686f68656c383940676d61696c2e636f6d223b733a373a22757365725f6964223b733a313a2231223b733a343a22726f6c65223b733a353a2261646d696e223b733a393a226c6f676765645f696e223b623a313b7d),
('b4a2484648ae7c87b621110a37fbe10844f4d663', '127.0.0.1', 1438440276, 0x5f5f63695f6c6173745f726567656e65726174657c693a313433383433393434393b72656469726563745f617574685f7572697c733a32303a226163636f756e742f6167656e74735f73616c6573223b6c6f676765645f757365727c613a343a7b733a353a22656d61696c223b733a32303a226d6873686f68656c383940676d61696c2e636f6d223b733a373a22757365725f6964223b733a313a2231223b733a343a22726f6c65223b733a353a2261646d696e223b733a393a226c6f676765645f696e223b623a313b7d),
('b646bee9a5a5940867a774487a5af008baa38497', '127.0.0.1', 1438534787, 0x5f5f63695f6c6173745f726567656e65726174657c693a313433383533323131353b6c6f676765645f757365727c613a343a7b733a353a22656d61696c223b733a32303a226d6873686f68656c383940676d61696c2e636f6d223b733a373a22757365725f6964223b733a313a2231223b733a343a22726f6c65223b733a353a2261646d696e223b733a393a226c6f676765645f696e223b623a313b7d),
('b99139e5066c5af1a58db16366dc5e83a4f729e5', '127.0.0.1', 1440695849, 0x5f5f63695f6c6173745f726567656e65726174657c693a313434303639353833383b6c6f676765645f757365727c613a343a7b733a353a22656d61696c223b733a32303a226d6873686f68656c383940676d61696c2e636f6d223b733a373a22757365725f6964223b733a313a2231223b733a343a22726f6c65223b733a353a2261646d696e223b733a393a226c6f676765645f696e223b623a313b7d),
('bc742cb9f8a5084c78102d1013fe343db6c340dd', '127.0.0.1', 1433017615, 0x5f5f63695f6c6173745f726567656e65726174657c693a313433333030303932383b72656469726563745f617574685f7572697c733a393a2264617368626f617264223b6c6f676765645f757365727c613a343a7b733a353a22656d61696c223b733a32303a226d6873686f68656c383940676d61696c2e636f6d223b733a373a22757365725f6964223b733a313a2231223b733a343a22726f6c65223b733a353a2261646d696e223b733a393a226c6f676765645f696e223b623a313b7d),
('c1d1fa6aa356ed224e739c3ca9f6a35056dea197', '127.0.0.1', 1442347867, 0x5f5f63695f6c6173745f726567656e65726174657c693a313434323334333435373b6c6f676765645f757365727c613a343a7b733a353a22656d61696c223b733a32303a226d6873686f68656c383940676d61696c2e636f6d223b733a373a22757365725f6964223b733a313a2231223b733a343a22726f6c65223b733a353a2261646d696e223b733a393a226c6f676765645f696e223b623a313b7d),
('c34fc6ead3a1d7f958ae9384f9ad855851e5aa2d', '127.0.0.1', 1439915582, 0x5f5f63695f6c6173745f726567656e65726174657c693a313433393931353531373b6c6f676765645f757365727c613a343a7b733a353a22656d61696c223b733a31313a22776566644062752e656475223b733a373a22757365725f6964223b733a323a223238223b733a343a22726f6c65223b733a353a226167656e74223b733a393a226c6f676765645f696e223b623a313b7d),
('cddcf5739c84b2aa3e2d1e953ccef04d7a14fc53', '127.0.0.1', 1432668400, 0x5f5f63695f6c6173745f726567656e65726174657c693a313433323635383236393b6c6f676765645f757365727c613a343a7b733a353a22656d61696c223b733a32303a226d6873686f68656c383940676d61696c2e636f6d223b733a373a22757365725f6964223b733a313a2231223b733a343a22726f6c65223b733a353a2261646d696e223b733a393a226c6f676765645f696e223b623a313b7d),
('d2e6725184aeb30d322e926ca43b66aa3f40f954', '127.0.0.1', 1440519011, 0x5f5f63695f6c6173745f726567656e65726174657c693a313434303531393030323b6c6f676765645f757365727c613a343a7b733a353a22656d61696c223b733a32303a226d6873686f68656c383940676d61696c2e636f6d223b733a373a22757365725f6964223b733a313a2231223b733a343a22726f6c65223b733a353a2261646d696e223b733a393a226c6f676765645f696e223b623a313b7d),
('d3492c37869b93b7629a3a6e3080a6e841f0a99b', '127.0.0.1', 1440617922, 0x5f5f63695f6c6173745f726567656e65726174657c693a313434303630333933323b6c6f676765645f757365727c613a343a7b733a353a22656d61696c223b733a32303a226d6873686f68656c383940676d61696c2e636f6d223b733a373a22757365725f6964223b733a313a2231223b733a343a22726f6c65223b733a353a2261646d696e223b733a393a226c6f676765645f696e223b623a313b7d),
('e18375364bcda49d5a37daf4ffc5e274b36f56f0', '127.0.0.1', 1432135967, 0x5f5f63695f6c6173745f726567656e65726174657c693a313433323133353936373b),
('e67525109a34afc636805c5fda3011bfb76e339c', '127.0.0.1', 1432324931, 0x5f5f63695f6c6173745f726567656e65726174657c693a313433323332343933313b6c6f67676564496e5f6661696c7c733a32333a22596f7520617265206e6f74207065726d69747465642021223b5f5f63695f766172737c613a313a7b733a31333a226c6f67676564496e5f6661696c223b733a333a226e6577223b7d72656469726563745f617574685f7572697c733a32343a2270726f647563742f6e65775f70726f647563745f73656c6c223b),
('e75e1ce7af9b6b60099b0f6b59df920e752f518b', '127.0.0.1', 1430678359, 0x5f5f63695f6c6173745f726567656e65726174657c693a313433303637303136313b),
('e7eaa8c6833f1f9cf7cb0c9fdacdb0849d63594d', '127.0.0.1', 1433017431, 0x5f5f63695f6c6173745f726567656e65726174657c693a313433333031373433313b6c6f67676564496e5f6661696c7c733a32333a22596f7520617265206e6f74207065726d69747465642021223b5f5f63695f766172737c613a313a7b733a31333a226c6f67676564496e5f6661696c223b733a333a226e6577223b7d72656469726563745f617574685f7572697c733a32303a226163636f756e742f6167656e74735f73616c6573223b),
('e896dd3d25a8f4906bc94754cc509f0e76bac12d', '127.0.0.1', 1433343975, 0x5f5f63695f6c6173745f726567656e65726174657c693a313433333334333930353b6c6f676765645f757365727c613a343a7b733a353a22656d61696c223b733a32303a226d6873686f68656c383940676d61696c2e636f6d223b733a373a22757365725f6964223b733a313a2231223b733a343a22726f6c65223b733a353a2261646d696e223b733a393a226c6f676765645f696e223b623a313b7d),
('eb1ba6f4f152d5fd651336f2c9171575db7b53e2', '127.0.0.1', 1441811859, 0x5f5f63695f6c6173745f726567656e65726174657c693a313434313831313530333b6c6f676765645f757365727c613a343a7b733a353a22656d61696c223b733a32303a226d6873686f68656c383940676d61696c2e636f6d223b733a373a22757365725f6964223b733a313a2231223b733a343a22726f6c65223b733a353a2261646d696e223b733a393a226c6f676765645f696e223b623a313b7d),
('ebb44dd013ada150ec2d012e496909e1fc6e2174', '127.0.0.1', 1432325895, 0x5f5f63695f6c6173745f726567656e65726174657c693a313433323332353839353b6c6f67676564496e5f6661696c7c733a32333a22596f7520617265206e6f74207065726d69747465642021223b5f5f63695f766172737c613a313a7b733a31333a226c6f67676564496e5f6661696c223b733a333a226e6577223b7d72656469726563745f617574685f7572697c733a353a226167656e74223b),
('ec65428b33e1c0e28a4cb6978610b9838e479436', '127.0.0.1', 1440153349, 0x5f5f63695f6c6173745f726567656e65726174657c693a313434303134333934363b),
('ed08a93047b619008fae4b88cb94e378358aefce', '127.0.0.1', 1432325895, 0x5f5f63695f6c6173745f726567656e65726174657c693a313433323332353839353b),
('f05896b5c611ec27363db1b355d2972fcf4cdd1a', '127.0.0.1', 1433095175, 0x5f5f63695f6c6173745f726567656e65726174657c693a313433333039353137353b),
('f16388478caec1e118b05f421d7efd352185a570', '127.0.0.1', 1441995785, 0x5f5f63695f6c6173745f726567656e65726174657c693a313434313938333131393b6c6f676765645f757365727c613a343a7b733a353a22656d61696c223b733a32303a226d6873686f68656c383940676d61696c2e636f6d223b733a373a22757365725f6964223b733a313a2231223b733a343a22726f6c65223b733a353a2261646d696e223b733a393a226c6f676765645f696e223b623a313b7d),
('f34bc974a28b267bb7f2cb5d156eda9feec9dc39', '127.0.0.1', 1432408062, 0x5f5f63695f6c6173745f726567656e65726174657c693a313433323339383237303b6c6f676765645f757365727c613a343a7b733a353a22656d61696c223b733a32303a226d6873686f68656c383940676d61696c2e636f6d223b733a373a22757365725f6964223b733a313a2231223b733a343a22726f6c65223b733a353a2261646d696e223b733a393a226c6f676765645f696e223b623a313b7d),
('f68efa38e9ec9253706e4d90eea56dc42c0eb160', '127.0.0.1', 1438535000, 0x5f5f63695f6c6173745f726567656e65726174657c693a313433383533353030303b),
('fb611caffcd37764caed6c0ac68bcb6c587d95f8', '127.0.0.1', 1439923959, 0x5f5f63695f6c6173745f726567656e65726174657c693a313433393931333536313b6c6f676765645f757365727c613a343a7b733a353a22656d61696c223b733a32303a226d6873686f68656c383940676d61696c2e636f6d223b733a373a22757365725f6964223b733a313a2231223b733a343a22726f6c65223b733a353a2261646d696e223b733a393a226c6f676765645f696e223b623a313b7d),
('fba0d87e8f14ff0f41aad51d9ca464debf801847', '127.0.0.1', 1432971363, 0x5f5f63695f6c6173745f726567656e65726174657c693a313433323937303330373b6c6f676765645f757365727c613a343a7b733a353a22656d61696c223b733a32303a226d6873686f68656c383940676d61696c2e636f6d223b733a373a22757365725f6964223b733a313a2231223b733a343a22726f6c65223b733a353a2261646d696e223b733a393a226c6f676765645f696e223b623a313b7d),
('fffbe25669597ae0cb3b3f86eeef59339ad47a98', '127.0.0.1', 1433528000, 0x5f5f63695f6c6173745f726567656e65726174657c693a313433333532373935353b72656469726563745f617574685f7572697c733a32303a226163636f756e742f6167656e74735f73616c6573223b6c6f676765645f757365727c613a343a7b733a353a22656d61696c223b733a32303a226d6873686f68656c383940676d61696c2e636f6d223b733a373a22757365725f6964223b733a313a2231223b733a343a22726f6c65223b733a353a2261646d696e223b733a393a226c6f676765645f696e223b623a313b7d);

-- --------------------------------------------------------

--
-- Table structure for table `countries`
--

CREATE TABLE IF NOT EXISTS `countries` (
  `id` int(5) NOT NULL AUTO_INCREMENT,
  `country_code` char(2) NOT NULL DEFAULT '',
  `country_name` varchar(45) NOT NULL DEFAULT '',
  `currency_code` char(3) DEFAULT NULL,
  `continent_name` varchar(15) DEFAULT NULL,
  `continent` char(2) DEFAULT NULL,
  `languages` varchar(30) DEFAULT NULL,
  PRIMARY KEY (`id`)
) ENGINE=MyISAM  DEFAULT CHARSET=utf8 AUTO_INCREMENT=501 ;

--
-- Dumping data for table `countries`
--

INSERT INTO `countries` (`id`, `country_code`, `country_name`, `currency_code`, `continent_name`, `continent`, `languages`) VALUES
(1, 'AD', 'Andorra', 'EUR', 'Europe', 'EU', 'ca'),
(2, 'AE', 'United Arab Emirates', 'AED', 'Asia', 'AS', 'ar-AE,fa,en,hi,ur'),
(3, 'AF', 'Afghanistan', 'AFN', 'Asia', 'AS', 'fa-AF,ps,uz-AF,tk'),
(4, 'AG', 'Antigua and Barbuda', 'XCD', 'North America', 'NA', 'en-AG'),
(5, 'AI', 'Anguilla', 'XCD', 'North America', 'NA', 'en-AI'),
(6, 'AL', 'Albania', 'ALL', 'Europe', 'EU', 'sq,el'),
(7, 'AM', 'Armenia', 'AMD', 'Asia', 'AS', 'hy'),
(8, 'AO', 'Angola', 'AOA', 'Africa', 'AF', 'pt-AO'),
(9, 'AQ', 'Antarctica', '', 'Antarctica', 'AN', ''),
(10, 'AR', 'Argentina', 'ARS', 'South America', 'SA', 'es-AR,en,it,de,fr,gn'),
(11, 'AS', 'American Samoa', 'USD', 'Oceania', 'OC', 'en-AS,sm,to'),
(12, 'AT', 'Austria', 'EUR', 'Europe', 'EU', 'de-AT,hr,hu,sl'),
(13, 'AU', 'Australia', 'AUD', 'Oceania', 'OC', 'en-AU'),
(14, 'AW', 'Aruba', 'AWG', 'North America', 'NA', 'nl-AW,es,en'),
(15, 'AX', 'Åland', 'EUR', 'Europe', 'EU', 'sv-AX'),
(16, 'AZ', 'Azerbaijan', 'AZN', 'Asia', 'AS', 'az,ru,hy'),
(17, 'BA', 'Bosnia and Herzegovina', 'BAM', 'Europe', 'EU', 'bs,hr-BA,sr-BA'),
(18, 'BB', 'Barbados', 'BBD', 'North America', 'NA', 'en-BB'),
(19, 'BD', 'Bangladesh', 'BDT', 'Asia', 'AS', 'bn-BD,en'),
(20, 'BE', 'Belgium', 'EUR', 'Europe', 'EU', 'nl-BE,fr-BE,de-BE'),
(21, 'BF', 'Burkina Faso', 'XOF', 'Africa', 'AF', 'fr-BF'),
(22, 'BG', 'Bulgaria', 'BGN', 'Europe', 'EU', 'bg,tr-BG'),
(23, 'BH', 'Bahrain', 'BHD', 'Asia', 'AS', 'ar-BH,en,fa,ur'),
(24, 'BI', 'Burundi', 'BIF', 'Africa', 'AF', 'fr-BI,rn'),
(25, 'BJ', 'Benin', 'XOF', 'Africa', 'AF', 'fr-BJ'),
(26, 'BL', 'Saint Barthélemy', 'EUR', 'North America', 'NA', 'fr'),
(27, 'BM', 'Bermuda', 'BMD', 'North America', 'NA', 'en-BM,pt'),
(28, 'BN', 'Brunei', 'BND', 'Asia', 'AS', 'ms-BN,en-BN'),
(29, 'BO', 'Bolivia', 'BOB', 'South America', 'SA', 'es-BO,qu,ay'),
(30, 'BQ', 'Bonaire', 'USD', 'North America', 'NA', 'nl,pap,en'),
(31, 'BR', 'Brazil', 'BRL', 'South America', 'SA', 'pt-BR,es,en,fr'),
(32, 'BS', 'Bahamas', 'BSD', 'North America', 'NA', 'en-BS'),
(33, 'BT', 'Bhutan', 'BTN', 'Asia', 'AS', 'dz'),
(34, 'BV', 'Bouvet Island', 'NOK', 'Antarctica', 'AN', ''),
(35, 'BW', 'Botswana', 'BWP', 'Africa', 'AF', 'en-BW,tn-BW'),
(36, 'BY', 'Belarus', 'BYR', 'Europe', 'EU', 'be,ru'),
(37, 'BZ', 'Belize', 'BZD', 'North America', 'NA', 'en-BZ,es'),
(38, 'CA', 'Canada', 'CAD', 'North America', 'NA', 'en-CA,fr-CA,iu'),
(39, 'CC', 'Cocos [Keeling] Islands', 'AUD', 'Asia', 'AS', 'ms-CC,en'),
(40, 'CD', 'Democratic Republic of the Congo', 'CDF', 'Africa', 'AF', 'fr-CD,ln,kg'),
(41, 'CF', 'Central African Republic', 'XAF', 'Africa', 'AF', 'fr-CF,sg,ln,kg'),
(42, 'CG', 'Republic of the Congo', 'XAF', 'Africa', 'AF', 'fr-CG,kg,ln-CG'),
(43, 'CH', 'Switzerland', 'CHF', 'Europe', 'EU', 'de-CH,fr-CH,it-CH,rm'),
(44, 'CI', 'Ivory Coast', 'XOF', 'Africa', 'AF', 'fr-CI'),
(45, 'CK', 'Cook Islands', 'NZD', 'Oceania', 'OC', 'en-CK,mi'),
(46, 'CL', 'Chile', 'CLP', 'South America', 'SA', 'es-CL'),
(47, 'CM', 'Cameroon', 'XAF', 'Africa', 'AF', 'en-CM,fr-CM'),
(48, 'CN', 'China', 'CNY', 'Asia', 'AS', 'zh-CN,yue,wuu,dta,ug,za'),
(49, 'CO', 'Colombia', 'COP', 'South America', 'SA', 'es-CO'),
(50, 'CR', 'Costa Rica', 'CRC', 'North America', 'NA', 'es-CR,en'),
(51, 'CU', 'Cuba', 'CUP', 'North America', 'NA', 'es-CU'),
(52, 'CV', 'Cape Verde', 'CVE', 'Africa', 'AF', 'pt-CV'),
(53, 'CW', 'Curacao', 'ANG', 'North America', 'NA', 'nl,pap'),
(54, 'CX', 'Christmas Island', 'AUD', 'Asia', 'AS', 'en,zh,ms-CC'),
(55, 'CY', 'Cyprus', 'EUR', 'Europe', 'EU', 'el-CY,tr-CY,en'),
(56, 'CZ', 'Czech Republic', 'CZK', 'Europe', 'EU', 'cs,sk'),
(57, 'DE', 'Germany', 'EUR', 'Europe', 'EU', 'de'),
(58, 'DJ', 'Djibouti', 'DJF', 'Africa', 'AF', 'fr-DJ,ar,so-DJ,aa'),
(59, 'DK', 'Denmark', 'DKK', 'Europe', 'EU', 'da-DK,en,fo,de-DK'),
(60, 'DM', 'Dominica', 'XCD', 'North America', 'NA', 'en-DM'),
(61, 'DO', 'Dominican Republic', 'DOP', 'North America', 'NA', 'es-DO'),
(62, 'DZ', 'Algeria', 'DZD', 'Africa', 'AF', 'ar-DZ'),
(63, 'EC', 'Ecuador', 'USD', 'South America', 'SA', 'es-EC'),
(64, 'EE', 'Estonia', 'EUR', 'Europe', 'EU', 'et,ru'),
(65, 'EG', 'Egypt', 'EGP', 'Africa', 'AF', 'ar-EG,en,fr'),
(66, 'EH', 'Western Sahara', 'MAD', 'Africa', 'AF', 'ar,mey'),
(67, 'ER', 'Eritrea', 'ERN', 'Africa', 'AF', 'aa-ER,ar,tig,kun,ti-ER'),
(68, 'ES', 'Spain', 'EUR', 'Europe', 'EU', 'es-ES,ca,gl,eu,oc'),
(69, 'ET', 'Ethiopia', 'ETB', 'Africa', 'AF', 'am,en-ET,om-ET,ti-ET,so-ET,sid'),
(70, 'FI', 'Finland', 'EUR', 'Europe', 'EU', 'fi-FI,sv-FI,smn'),
(71, 'FJ', 'Fiji', 'FJD', 'Oceania', 'OC', 'en-FJ,fj'),
(72, 'FK', 'Falkland Islands', 'FKP', 'South America', 'SA', 'en-FK'),
(73, 'FM', 'Micronesia', 'USD', 'Oceania', 'OC', 'en-FM,chk,pon,yap,kos,uli,woe,'),
(74, 'FO', 'Faroe Islands', 'DKK', 'Europe', 'EU', 'fo,da-FO'),
(75, 'FR', 'France', 'EUR', 'Europe', 'EU', 'fr-FR,frp,br,co,ca,eu,oc'),
(76, 'GA', 'Gabon', 'XAF', 'Africa', 'AF', 'fr-GA'),
(77, 'GB', 'United Kingdom', 'GBP', 'Europe', 'EU', 'en-GB,cy-GB,gd'),
(78, 'GD', 'Grenada', 'XCD', 'North America', 'NA', 'en-GD'),
(79, 'GE', 'Georgia', 'GEL', 'Asia', 'AS', 'ka,ru,hy,az'),
(80, 'GF', 'French Guiana', 'EUR', 'South America', 'SA', 'fr-GF'),
(81, 'GG', 'Guernsey', 'GBP', 'Europe', 'EU', 'en,fr'),
(82, 'GH', 'Ghana', 'GHS', 'Africa', 'AF', 'en-GH,ak,ee,tw'),
(83, 'GI', 'Gibraltar', 'GIP', 'Europe', 'EU', 'en-GI,es,it,pt'),
(84, 'GL', 'Greenland', 'DKK', 'North America', 'NA', 'kl,da-GL,en'),
(85, 'GM', 'Gambia', 'GMD', 'Africa', 'AF', 'en-GM,mnk,wof,wo,ff'),
(86, 'GN', 'Guinea', 'GNF', 'Africa', 'AF', 'fr-GN'),
(87, 'GP', 'Guadeloupe', 'EUR', 'North America', 'NA', 'fr-GP'),
(88, 'GQ', 'Equatorial Guinea', 'XAF', 'Africa', 'AF', 'es-GQ,fr'),
(89, 'GR', 'Greece', 'EUR', 'Europe', 'EU', 'el-GR,en,fr'),
(90, 'GS', 'South Georgia and the South Sandwich Islands', 'GBP', 'Antarctica', 'AN', 'en'),
(91, 'GT', 'Guatemala', 'GTQ', 'North America', 'NA', 'es-GT'),
(92, 'GU', 'Guam', 'USD', 'Oceania', 'OC', 'en-GU,ch-GU'),
(93, 'GW', 'Guinea-Bissau', 'XOF', 'Africa', 'AF', 'pt-GW,pov'),
(94, 'GY', 'Guyana', 'GYD', 'South America', 'SA', 'en-GY'),
(95, 'HK', 'Hong Kong', 'HKD', 'Asia', 'AS', 'zh-HK,yue,zh,en'),
(96, 'HM', 'Heard Island and McDonald Islands', 'AUD', 'Antarctica', 'AN', ''),
(97, 'HN', 'Honduras', 'HNL', 'North America', 'NA', 'es-HN'),
(98, 'HR', 'Croatia', 'HRK', 'Europe', 'EU', 'hr-HR,sr'),
(99, 'HT', 'Haiti', 'HTG', 'North America', 'NA', 'ht,fr-HT'),
(100, 'HU', 'Hungary', 'HUF', 'Europe', 'EU', 'hu-HU'),
(101, 'ID', 'Indonesia', 'IDR', 'Asia', 'AS', 'id,en,nl,jv'),
(102, 'IE', 'Ireland', 'EUR', 'Europe', 'EU', 'en-IE,ga-IE'),
(103, 'IL', 'Israel', 'ILS', 'Asia', 'AS', 'he,ar-IL,en-IL,'),
(104, 'IM', 'Isle of Man', 'GBP', 'Europe', 'EU', 'en,gv'),
(105, 'IN', 'India', 'INR', 'Asia', 'AS', 'en-IN,hi,bn,te,mr,ta,ur,gu,kn,'),
(106, 'IO', 'British Indian Ocean Territory', 'USD', 'Asia', 'AS', 'en-IO'),
(107, 'IQ', 'Iraq', 'IQD', 'Asia', 'AS', 'ar-IQ,ku,hy'),
(108, 'IR', 'Iran', 'IRR', 'Asia', 'AS', 'fa-IR,ku'),
(109, 'IS', 'Iceland', 'ISK', 'Europe', 'EU', 'is,en,de,da,sv,no'),
(110, 'IT', 'Italy', 'EUR', 'Europe', 'EU', 'it-IT,de-IT,fr-IT,sc,ca,co,sl'),
(111, 'JE', 'Jersey', 'GBP', 'Europe', 'EU', 'en,pt'),
(112, 'JM', 'Jamaica', 'JMD', 'North America', 'NA', 'en-JM'),
(113, 'JO', 'Jordan', 'JOD', 'Asia', 'AS', 'ar-JO,en'),
(114, 'JP', 'Japan', 'JPY', 'Asia', 'AS', 'ja'),
(115, 'KE', 'Kenya', 'KES', 'Africa', 'AF', 'en-KE,sw-KE'),
(116, 'KG', 'Kyrgyzstan', 'KGS', 'Asia', 'AS', 'ky,uz,ru'),
(117, 'KH', 'Cambodia', 'KHR', 'Asia', 'AS', 'km,fr,en'),
(118, 'KI', 'Kiribati', 'AUD', 'Oceania', 'OC', 'en-KI,gil'),
(119, 'KM', 'Comoros', 'KMF', 'Africa', 'AF', 'ar,fr-KM'),
(120, 'KN', 'Saint Kitts and Nevis', 'XCD', 'North America', 'NA', 'en-KN'),
(121, 'KP', 'North Korea', 'KPW', 'Asia', 'AS', 'ko-KP'),
(122, 'KR', 'South Korea', 'KRW', 'Asia', 'AS', 'ko-KR,en'),
(123, 'KW', 'Kuwait', 'KWD', 'Asia', 'AS', 'ar-KW,en'),
(124, 'KY', 'Cayman Islands', 'KYD', 'North America', 'NA', 'en-KY'),
(125, 'KZ', 'Kazakhstan', 'KZT', 'Asia', 'AS', 'kk,ru'),
(126, 'LA', 'Laos', 'LAK', 'Asia', 'AS', 'lo,fr,en'),
(127, 'LB', 'Lebanon', 'LBP', 'Asia', 'AS', 'ar-LB,fr-LB,en,hy'),
(128, 'LC', 'Saint Lucia', 'XCD', 'North America', 'NA', 'en-LC'),
(129, 'LI', 'Liechtenstein', 'CHF', 'Europe', 'EU', 'de-LI'),
(130, 'LK', 'Sri Lanka', 'LKR', 'Asia', 'AS', 'si,ta,en'),
(131, 'LR', 'Liberia', 'LRD', 'Africa', 'AF', 'en-LR'),
(132, 'LS', 'Lesotho', 'LSL', 'Africa', 'AF', 'en-LS,st,zu,xh'),
(133, 'LT', 'Lithuania', 'LTL', 'Europe', 'EU', 'lt,ru,pl'),
(134, 'LU', 'Luxembourg', 'EUR', 'Europe', 'EU', 'lb,de-LU,fr-LU'),
(135, 'LV', 'Latvia', 'EUR', 'Europe', 'EU', 'lv,ru,lt'),
(136, 'LY', 'Libya', 'LYD', 'Africa', 'AF', 'ar-LY,it,en'),
(137, 'MA', 'Morocco', 'MAD', 'Africa', 'AF', 'ar-MA,fr'),
(138, 'MC', 'Monaco', 'EUR', 'Europe', 'EU', 'fr-MC,en,it'),
(139, 'MD', 'Moldova', 'MDL', 'Europe', 'EU', 'ro,ru,gag,tr'),
(140, 'ME', 'Montenegro', 'EUR', 'Europe', 'EU', 'sr,hu,bs,sq,hr,rom'),
(141, 'MF', 'Saint Martin', 'EUR', 'North America', 'NA', 'fr'),
(142, 'MG', 'Madagascar', 'MGA', 'Africa', 'AF', 'fr-MG,mg'),
(143, 'MH', 'Marshall Islands', 'USD', 'Oceania', 'OC', 'mh,en-MH'),
(144, 'MK', 'Macedonia', 'MKD', 'Europe', 'EU', 'mk,sq,tr,rmm,sr'),
(145, 'ML', 'Mali', 'XOF', 'Africa', 'AF', 'fr-ML,bm'),
(146, 'MM', 'Myanmar [Burma]', 'MMK', 'Asia', 'AS', 'my'),
(147, 'MN', 'Mongolia', 'MNT', 'Asia', 'AS', 'mn,ru'),
(148, 'MO', 'Macao', 'MOP', 'Asia', 'AS', 'zh,zh-MO,pt'),
(149, 'MP', 'Northern Mariana Islands', 'USD', 'Oceania', 'OC', 'fil,tl,zh,ch-MP,en-MP'),
(150, 'MQ', 'Martinique', 'EUR', 'North America', 'NA', 'fr-MQ'),
(151, 'MR', 'Mauritania', 'MRO', 'Africa', 'AF', 'ar-MR,fuc,snk,fr,mey,wo'),
(152, 'MS', 'Montserrat', 'XCD', 'North America', 'NA', 'en-MS'),
(153, 'MT', 'Malta', 'EUR', 'Europe', 'EU', 'mt,en-MT'),
(154, 'MU', 'Mauritius', 'MUR', 'Africa', 'AF', 'en-MU,bho,fr'),
(155, 'MV', 'Maldives', 'MVR', 'Asia', 'AS', 'dv,en'),
(156, 'MW', 'Malawi', 'MWK', 'Africa', 'AF', 'ny,yao,tum,swk'),
(157, 'MX', 'Mexico', 'MXN', 'North America', 'NA', 'es-MX'),
(158, 'MY', 'Malaysia', 'MYR', 'Asia', 'AS', 'ms-MY,en,zh,ta,te,ml,pa,th'),
(159, 'MZ', 'Mozambique', 'MZN', 'Africa', 'AF', 'pt-MZ,vmw'),
(160, 'NA', 'Namibia', 'NAD', 'Africa', 'AF', 'en-NA,af,de,hz,naq'),
(161, 'NC', 'New Caledonia', 'XPF', 'Oceania', 'OC', 'fr-NC'),
(162, 'NE', 'Niger', 'XOF', 'Africa', 'AF', 'fr-NE,ha,kr,dje'),
(163, 'NF', 'Norfolk Island', 'AUD', 'Oceania', 'OC', 'en-NF'),
(164, 'NG', 'Nigeria', 'NGN', 'Africa', 'AF', 'en-NG,ha,yo,ig,ff'),
(165, 'NI', 'Nicaragua', 'NIO', 'North America', 'NA', 'es-NI,en'),
(166, 'NL', 'Netherlands', 'EUR', 'Europe', 'EU', 'nl-NL,fy-NL'),
(167, 'NO', 'Norway', 'NOK', 'Europe', 'EU', 'no,nb,nn,se,fi'),
(168, 'NP', 'Nepal', 'NPR', 'Asia', 'AS', 'ne,en'),
(169, 'NR', 'Nauru', 'AUD', 'Oceania', 'OC', 'na,en-NR'),
(170, 'NU', 'Niue', 'NZD', 'Oceania', 'OC', 'niu,en-NU'),
(171, 'NZ', 'New Zealand', 'NZD', 'Oceania', 'OC', 'en-NZ,mi'),
(172, 'OM', 'Oman', 'OMR', 'Asia', 'AS', 'ar-OM,en,bal,ur'),
(173, 'PA', 'Panama', 'PAB', 'North America', 'NA', 'es-PA,en'),
(174, 'PE', 'Peru', 'PEN', 'South America', 'SA', 'es-PE,qu,ay'),
(175, 'PF', 'French Polynesia', 'XPF', 'Oceania', 'OC', 'fr-PF,ty'),
(176, 'PG', 'Papua New Guinea', 'PGK', 'Oceania', 'OC', 'en-PG,ho,meu,tpi'),
(177, 'PH', 'Philippines', 'PHP', 'Asia', 'AS', 'tl,en-PH,fil'),
(178, 'PK', 'Pakistan', 'PKR', 'Asia', 'AS', 'ur-PK,en-PK,pa,sd,ps,brh'),
(179, 'PL', 'Poland', 'PLN', 'Europe', 'EU', 'pl'),
(180, 'PM', 'Saint Pierre and Miquelon', 'EUR', 'North America', 'NA', 'fr-PM'),
(181, 'PN', 'Pitcairn Islands', 'NZD', 'Oceania', 'OC', 'en-PN'),
(182, 'PR', 'Puerto Rico', 'USD', 'North America', 'NA', 'en-PR,es-PR'),
(183, 'PS', 'Palestine', 'ILS', 'Asia', 'AS', 'ar-PS'),
(184, 'PT', 'Portugal', 'EUR', 'Europe', 'EU', 'pt-PT,mwl'),
(185, 'PW', 'Palau', 'USD', 'Oceania', 'OC', 'pau,sov,en-PW,tox,ja,fil,zh'),
(186, 'PY', 'Paraguay', 'PYG', 'South America', 'SA', 'es-PY,gn'),
(187, 'QA', 'Qatar', 'QAR', 'Asia', 'AS', 'ar-QA,es'),
(188, 'RE', 'Réunion', 'EUR', 'Africa', 'AF', 'fr-RE'),
(189, 'RO', 'Romania', 'RON', 'Europe', 'EU', 'ro,hu,rom'),
(190, 'RS', 'Serbia', 'RSD', 'Europe', 'EU', 'sr,hu,bs,rom'),
(191, 'RU', 'Russia', 'RUB', 'Europe', 'EU', 'ru,tt,xal,cau,ady,kv,ce,tyv,cv'),
(192, 'RW', 'Rwanda', 'RWF', 'Africa', 'AF', 'rw,en-RW,fr-RW,sw'),
(193, 'SA', 'Saudi Arabia', 'SAR', 'Asia', 'AS', 'ar-SA'),
(194, 'SB', 'Solomon Islands', 'SBD', 'Oceania', 'OC', 'en-SB,tpi'),
(195, 'SC', 'Seychelles', 'SCR', 'Africa', 'AF', 'en-SC,fr-SC'),
(196, 'SD', 'Sudan', 'SDG', 'Africa', 'AF', 'ar-SD,en,fia'),
(197, 'SE', 'Sweden', 'SEK', 'Europe', 'EU', 'sv-SE,se,sma,fi-SE'),
(198, 'SG', 'Singapore', 'SGD', 'Asia', 'AS', 'cmn,en-SG,ms-SG,ta-SG,zh-SG'),
(199, 'SH', 'Saint Helena', 'SHP', 'Africa', 'AF', 'en-SH'),
(200, 'SI', 'Slovenia', 'EUR', 'Europe', 'EU', 'sl,sh'),
(201, 'SJ', 'Svalbard and Jan Mayen', 'NOK', 'Europe', 'EU', 'no,ru'),
(202, 'SK', 'Slovakia', 'EUR', 'Europe', 'EU', 'sk,hu'),
(203, 'SL', 'Sierra Leone', 'SLL', 'Africa', 'AF', 'en-SL,men,tem'),
(204, 'SM', 'San Marino', 'EUR', 'Europe', 'EU', 'it-SM'),
(205, 'SN', 'Senegal', 'XOF', 'Africa', 'AF', 'fr-SN,wo,fuc,mnk'),
(206, 'SO', 'Somalia', 'SOS', 'Africa', 'AF', 'so-SO,ar-SO,it,en-SO'),
(207, 'SR', 'Suriname', 'SRD', 'South America', 'SA', 'nl-SR,en,srn,hns,jv'),
(208, 'SS', 'South Sudan', 'SSP', 'Africa', 'AF', 'en'),
(209, 'ST', 'São Tomé and Príncipe', 'STD', 'Africa', 'AF', 'pt-ST'),
(210, 'SV', 'El Salvador', 'USD', 'North America', 'NA', 'es-SV'),
(211, 'SX', 'Sint Maarten', 'ANG', 'North America', 'NA', 'nl,en'),
(212, 'SY', 'Syria', 'SYP', 'Asia', 'AS', 'ar-SY,ku,hy,arc,fr,en'),
(213, 'SZ', 'Swaziland', 'SZL', 'Africa', 'AF', 'en-SZ,ss-SZ'),
(214, 'TC', 'Turks and Caicos Islands', 'USD', 'North America', 'NA', 'en-TC'),
(215, 'TD', 'Chad', 'XAF', 'Africa', 'AF', 'fr-TD,ar-TD,sre'),
(216, 'TF', 'French Southern Territories', 'EUR', 'Antarctica', 'AN', 'fr'),
(217, 'TG', 'Togo', 'XOF', 'Africa', 'AF', 'fr-TG,ee,hna,kbp,dag,ha'),
(218, 'TH', 'Thailand', 'THB', 'Asia', 'AS', 'th,en'),
(219, 'TJ', 'Tajikistan', 'TJS', 'Asia', 'AS', 'tg,ru'),
(220, 'TK', 'Tokelau', 'NZD', 'Oceania', 'OC', 'tkl,en-TK'),
(221, 'TL', 'East Timor', 'USD', 'Oceania', 'OC', 'tet,pt-TL,id,en'),
(222, 'TM', 'Turkmenistan', 'TMT', 'Asia', 'AS', 'tk,ru,uz'),
(223, 'TN', 'Tunisia', 'TND', 'Africa', 'AF', 'ar-TN,fr'),
(224, 'TO', 'Tonga', 'TOP', 'Oceania', 'OC', 'to,en-TO'),
(225, 'TR', 'Turkey', 'TRY', 'Asia', 'AS', 'tr-TR,ku,diq,az,av'),
(226, 'TT', 'Trinidad and Tobago', 'TTD', 'North America', 'NA', 'en-TT,hns,fr,es,zh'),
(227, 'TV', 'Tuvalu', 'AUD', 'Oceania', 'OC', 'tvl,en,sm,gil'),
(228, 'TW', 'Taiwan', 'TWD', 'Asia', 'AS', 'zh-TW,zh,nan,hak'),
(229, 'TZ', 'Tanzania', 'TZS', 'Africa', 'AF', 'sw-TZ,en,ar'),
(230, 'UA', 'Ukraine', 'UAH', 'Europe', 'EU', 'uk,ru-UA,rom,pl,hu'),
(231, 'UG', 'Uganda', 'UGX', 'Africa', 'AF', 'en-UG,lg,sw,ar'),
(232, 'UM', 'U.S. Minor Outlying Islands', 'USD', 'Oceania', 'OC', 'en-UM'),
(233, 'US', 'United States', 'USD', 'North America', 'NA', 'en-US,es-US,haw,fr'),
(234, 'UY', 'Uruguay', 'UYU', 'South America', 'SA', 'es-UY'),
(235, 'UZ', 'Uzbekistan', 'UZS', 'Asia', 'AS', 'uz,ru,tg'),
(236, 'VA', 'Vatican City', 'EUR', 'Europe', 'EU', 'la,it,fr'),
(237, 'VC', 'Saint Vincent and the Grenadines', 'XCD', 'North America', 'NA', 'en-VC,fr'),
(238, 'VE', 'Venezuela', 'VEF', 'South America', 'SA', 'es-VE'),
(239, 'VG', 'British Virgin Islands', 'USD', 'North America', 'NA', 'en-VG'),
(240, 'VI', 'U.S. Virgin Islands', 'USD', 'North America', 'NA', 'en-VI'),
(241, 'VN', 'Vietnam', 'VND', 'Asia', 'AS', 'vi,en,fr,zh,km'),
(242, 'VU', 'Vanuatu', 'VUV', 'Oceania', 'OC', 'bi,en-VU,fr-VU'),
(243, 'WF', 'Wallis and Futuna', 'XPF', 'Oceania', 'OC', 'wls,fud,fr-WF'),
(244, 'WS', 'Samoa', 'WST', 'Oceania', 'OC', 'sm,en-WS'),
(245, 'XK', 'Kosovo', 'EUR', 'Europe', 'EU', 'sq,sr'),
(246, 'YE', 'Yemen', 'YER', 'Asia', 'AS', 'ar-YE'),
(247, 'YT', 'Mayotte', 'EUR', 'Africa', 'AF', 'fr-YT'),
(248, 'ZA', 'South Africa', 'ZAR', 'Africa', 'AF', 'zu,xh,af,nso,en-ZA,tn,st,ts,ss'),
(249, 'ZM', 'Zambia', 'ZMW', 'Africa', 'AF', 'en-ZM,bem,loz,lun,lue,ny,toi'),
(250, 'ZW', 'Zimbabwe', 'ZWL', 'Africa', 'AF', 'en-ZW,sn,nr,nd'),
(251, 'AD', 'Andorra', 'EUR', 'Europe', 'EU', 'ca'),
(252, 'AE', 'United Arab Emirates', 'AED', 'Asia', 'AS', 'ar-AE,fa,en,hi,ur'),
(253, 'AF', 'Afghanistan', 'AFN', 'Asia', 'AS', 'fa-AF,ps,uz-AF,tk'),
(254, 'AG', 'Antigua and Barbuda', 'XCD', 'North America', 'NA', 'en-AG'),
(255, 'AI', 'Anguilla', 'XCD', 'North America', 'NA', 'en-AI'),
(256, 'AL', 'Albania', 'ALL', 'Europe', 'EU', 'sq,el'),
(257, 'AM', 'Armenia', 'AMD', 'Asia', 'AS', 'hy'),
(258, 'AO', 'Angola', 'AOA', 'Africa', 'AF', 'pt-AO'),
(259, 'AQ', 'Antarctica', '', 'Antarctica', 'AN', ''),
(260, 'AR', 'Argentina', 'ARS', 'South America', 'SA', 'es-AR,en,it,de,fr,gn'),
(261, 'AS', 'American Samoa', 'USD', 'Oceania', 'OC', 'en-AS,sm,to'),
(262, 'AT', 'Austria', 'EUR', 'Europe', 'EU', 'de-AT,hr,hu,sl'),
(263, 'AU', 'Australia', 'AUD', 'Oceania', 'OC', 'en-AU'),
(264, 'AW', 'Aruba', 'AWG', 'North America', 'NA', 'nl-AW,es,en'),
(265, 'AX', 'Åland', 'EUR', 'Europe', 'EU', 'sv-AX'),
(266, 'AZ', 'Azerbaijan', 'AZN', 'Asia', 'AS', 'az,ru,hy'),
(267, 'BA', 'Bosnia and Herzegovina', 'BAM', 'Europe', 'EU', 'bs,hr-BA,sr-BA'),
(268, 'BB', 'Barbados', 'BBD', 'North America', 'NA', 'en-BB'),
(269, 'BD', 'Bangladesh', 'BDT', 'Asia', 'AS', 'bn-BD,en'),
(270, 'BE', 'Belgium', 'EUR', 'Europe', 'EU', 'nl-BE,fr-BE,de-BE'),
(271, 'BF', 'Burkina Faso', 'XOF', 'Africa', 'AF', 'fr-BF'),
(272, 'BG', 'Bulgaria', 'BGN', 'Europe', 'EU', 'bg,tr-BG'),
(273, 'BH', 'Bahrain', 'BHD', 'Asia', 'AS', 'ar-BH,en,fa,ur'),
(274, 'BI', 'Burundi', 'BIF', 'Africa', 'AF', 'fr-BI,rn'),
(275, 'BJ', 'Benin', 'XOF', 'Africa', 'AF', 'fr-BJ'),
(276, 'BL', 'Saint Barthélemy', 'EUR', 'North America', 'NA', 'fr'),
(277, 'BM', 'Bermuda', 'BMD', 'North America', 'NA', 'en-BM,pt'),
(278, 'BN', 'Brunei', 'BND', 'Asia', 'AS', 'ms-BN,en-BN'),
(279, 'BO', 'Bolivia', 'BOB', 'South America', 'SA', 'es-BO,qu,ay'),
(280, 'BQ', 'Bonaire', 'USD', 'North America', 'NA', 'nl,pap,en'),
(281, 'BR', 'Brazil', 'BRL', 'South America', 'SA', 'pt-BR,es,en,fr'),
(282, 'BS', 'Bahamas', 'BSD', 'North America', 'NA', 'en-BS'),
(283, 'BT', 'Bhutan', 'BTN', 'Asia', 'AS', 'dz'),
(284, 'BV', 'Bouvet Island', 'NOK', 'Antarctica', 'AN', ''),
(285, 'BW', 'Botswana', 'BWP', 'Africa', 'AF', 'en-BW,tn-BW'),
(286, 'BY', 'Belarus', 'BYR', 'Europe', 'EU', 'be,ru'),
(287, 'BZ', 'Belize', 'BZD', 'North America', 'NA', 'en-BZ,es'),
(288, 'CA', 'Canada', 'CAD', 'North America', 'NA', 'en-CA,fr-CA,iu'),
(289, 'CC', 'Cocos [Keeling] Islands', 'AUD', 'Asia', 'AS', 'ms-CC,en'),
(290, 'CD', 'Democratic Republic of the Congo', 'CDF', 'Africa', 'AF', 'fr-CD,ln,kg'),
(291, 'CF', 'Central African Republic', 'XAF', 'Africa', 'AF', 'fr-CF,sg,ln,kg'),
(292, 'CG', 'Republic of the Congo', 'XAF', 'Africa', 'AF', 'fr-CG,kg,ln-CG'),
(293, 'CH', 'Switzerland', 'CHF', 'Europe', 'EU', 'de-CH,fr-CH,it-CH,rm'),
(294, 'CI', 'Ivory Coast', 'XOF', 'Africa', 'AF', 'fr-CI'),
(295, 'CK', 'Cook Islands', 'NZD', 'Oceania', 'OC', 'en-CK,mi'),
(296, 'CL', 'Chile', 'CLP', 'South America', 'SA', 'es-CL'),
(297, 'CM', 'Cameroon', 'XAF', 'Africa', 'AF', 'en-CM,fr-CM'),
(298, 'CN', 'China', 'CNY', 'Asia', 'AS', 'zh-CN,yue,wuu,dta,ug,za'),
(299, 'CO', 'Colombia', 'COP', 'South America', 'SA', 'es-CO'),
(300, 'CR', 'Costa Rica', 'CRC', 'North America', 'NA', 'es-CR,en'),
(301, 'CU', 'Cuba', 'CUP', 'North America', 'NA', 'es-CU'),
(302, 'CV', 'Cape Verde', 'CVE', 'Africa', 'AF', 'pt-CV'),
(303, 'CW', 'Curacao', 'ANG', 'North America', 'NA', 'nl,pap'),
(304, 'CX', 'Christmas Island', 'AUD', 'Asia', 'AS', 'en,zh,ms-CC'),
(305, 'CY', 'Cyprus', 'EUR', 'Europe', 'EU', 'el-CY,tr-CY,en'),
(306, 'CZ', 'Czech Republic', 'CZK', 'Europe', 'EU', 'cs,sk'),
(307, 'DE', 'Germany', 'EUR', 'Europe', 'EU', 'de'),
(308, 'DJ', 'Djibouti', 'DJF', 'Africa', 'AF', 'fr-DJ,ar,so-DJ,aa'),
(309, 'DK', 'Denmark', 'DKK', 'Europe', 'EU', 'da-DK,en,fo,de-DK'),
(310, 'DM', 'Dominica', 'XCD', 'North America', 'NA', 'en-DM'),
(311, 'DO', 'Dominican Republic', 'DOP', 'North America', 'NA', 'es-DO'),
(312, 'DZ', 'Algeria', 'DZD', 'Africa', 'AF', 'ar-DZ'),
(313, 'EC', 'Ecuador', 'USD', 'South America', 'SA', 'es-EC'),
(314, 'EE', 'Estonia', 'EUR', 'Europe', 'EU', 'et,ru'),
(315, 'EG', 'Egypt', 'EGP', 'Africa', 'AF', 'ar-EG,en,fr'),
(316, 'EH', 'Western Sahara', 'MAD', 'Africa', 'AF', 'ar,mey'),
(317, 'ER', 'Eritrea', 'ERN', 'Africa', 'AF', 'aa-ER,ar,tig,kun,ti-ER'),
(318, 'ES', 'Spain', 'EUR', 'Europe', 'EU', 'es-ES,ca,gl,eu,oc'),
(319, 'ET', 'Ethiopia', 'ETB', 'Africa', 'AF', 'am,en-ET,om-ET,ti-ET,so-ET,sid'),
(320, 'FI', 'Finland', 'EUR', 'Europe', 'EU', 'fi-FI,sv-FI,smn'),
(321, 'FJ', 'Fiji', 'FJD', 'Oceania', 'OC', 'en-FJ,fj'),
(322, 'FK', 'Falkland Islands', 'FKP', 'South America', 'SA', 'en-FK'),
(323, 'FM', 'Micronesia', 'USD', 'Oceania', 'OC', 'en-FM,chk,pon,yap,kos,uli,woe,'),
(324, 'FO', 'Faroe Islands', 'DKK', 'Europe', 'EU', 'fo,da-FO'),
(325, 'FR', 'France', 'EUR', 'Europe', 'EU', 'fr-FR,frp,br,co,ca,eu,oc'),
(326, 'GA', 'Gabon', 'XAF', 'Africa', 'AF', 'fr-GA'),
(327, 'GB', 'United Kingdom', 'GBP', 'Europe', 'EU', 'en-GB,cy-GB,gd'),
(328, 'GD', 'Grenada', 'XCD', 'North America', 'NA', 'en-GD'),
(329, 'GE', 'Georgia', 'GEL', 'Asia', 'AS', 'ka,ru,hy,az'),
(330, 'GF', 'French Guiana', 'EUR', 'South America', 'SA', 'fr-GF'),
(331, 'GG', 'Guernsey', 'GBP', 'Europe', 'EU', 'en,fr'),
(332, 'GH', 'Ghana', 'GHS', 'Africa', 'AF', 'en-GH,ak,ee,tw'),
(333, 'GI', 'Gibraltar', 'GIP', 'Europe', 'EU', 'en-GI,es,it,pt'),
(334, 'GL', 'Greenland', 'DKK', 'North America', 'NA', 'kl,da-GL,en'),
(335, 'GM', 'Gambia', 'GMD', 'Africa', 'AF', 'en-GM,mnk,wof,wo,ff'),
(336, 'GN', 'Guinea', 'GNF', 'Africa', 'AF', 'fr-GN'),
(337, 'GP', 'Guadeloupe', 'EUR', 'North America', 'NA', 'fr-GP'),
(338, 'GQ', 'Equatorial Guinea', 'XAF', 'Africa', 'AF', 'es-GQ,fr'),
(339, 'GR', 'Greece', 'EUR', 'Europe', 'EU', 'el-GR,en,fr'),
(340, 'GS', 'South Georgia and the South Sandwich Islands', 'GBP', 'Antarctica', 'AN', 'en'),
(341, 'GT', 'Guatemala', 'GTQ', 'North America', 'NA', 'es-GT'),
(342, 'GU', 'Guam', 'USD', 'Oceania', 'OC', 'en-GU,ch-GU'),
(343, 'GW', 'Guinea-Bissau', 'XOF', 'Africa', 'AF', 'pt-GW,pov'),
(344, 'GY', 'Guyana', 'GYD', 'South America', 'SA', 'en-GY'),
(345, 'HK', 'Hong Kong', 'HKD', 'Asia', 'AS', 'zh-HK,yue,zh,en'),
(346, 'HM', 'Heard Island and McDonald Islands', 'AUD', 'Antarctica', 'AN', ''),
(347, 'HN', 'Honduras', 'HNL', 'North America', 'NA', 'es-HN'),
(348, 'HR', 'Croatia', 'HRK', 'Europe', 'EU', 'hr-HR,sr'),
(349, 'HT', 'Haiti', 'HTG', 'North America', 'NA', 'ht,fr-HT'),
(350, 'HU', 'Hungary', 'HUF', 'Europe', 'EU', 'hu-HU'),
(351, 'ID', 'Indonesia', 'IDR', 'Asia', 'AS', 'id,en,nl,jv'),
(352, 'IE', 'Ireland', 'EUR', 'Europe', 'EU', 'en-IE,ga-IE'),
(353, 'IL', 'Israel', 'ILS', 'Asia', 'AS', 'he,ar-IL,en-IL,'),
(354, 'IM', 'Isle of Man', 'GBP', 'Europe', 'EU', 'en,gv'),
(355, 'IN', 'India', 'INR', 'Asia', 'AS', 'en-IN,hi,bn,te,mr,ta,ur,gu,kn,'),
(356, 'IO', 'British Indian Ocean Territory', 'USD', 'Asia', 'AS', 'en-IO'),
(357, 'IQ', 'Iraq', 'IQD', 'Asia', 'AS', 'ar-IQ,ku,hy'),
(358, 'IR', 'Iran', 'IRR', 'Asia', 'AS', 'fa-IR,ku'),
(359, 'IS', 'Iceland', 'ISK', 'Europe', 'EU', 'is,en,de,da,sv,no'),
(360, 'IT', 'Italy', 'EUR', 'Europe', 'EU', 'it-IT,de-IT,fr-IT,sc,ca,co,sl'),
(361, 'JE', 'Jersey', 'GBP', 'Europe', 'EU', 'en,pt'),
(362, 'JM', 'Jamaica', 'JMD', 'North America', 'NA', 'en-JM'),
(363, 'JO', 'Jordan', 'JOD', 'Asia', 'AS', 'ar-JO,en'),
(364, 'JP', 'Japan', 'JPY', 'Asia', 'AS', 'ja'),
(365, 'KE', 'Kenya', 'KES', 'Africa', 'AF', 'en-KE,sw-KE'),
(366, 'KG', 'Kyrgyzstan', 'KGS', 'Asia', 'AS', 'ky,uz,ru'),
(367, 'KH', 'Cambodia', 'KHR', 'Asia', 'AS', 'km,fr,en'),
(368, 'KI', 'Kiribati', 'AUD', 'Oceania', 'OC', 'en-KI,gil'),
(369, 'KM', 'Comoros', 'KMF', 'Africa', 'AF', 'ar,fr-KM'),
(370, 'KN', 'Saint Kitts and Nevis', 'XCD', 'North America', 'NA', 'en-KN'),
(371, 'KP', 'North Korea', 'KPW', 'Asia', 'AS', 'ko-KP'),
(372, 'KR', 'South Korea', 'KRW', 'Asia', 'AS', 'ko-KR,en'),
(373, 'KW', 'Kuwait', 'KWD', 'Asia', 'AS', 'ar-KW,en'),
(374, 'KY', 'Cayman Islands', 'KYD', 'North America', 'NA', 'en-KY'),
(375, 'KZ', 'Kazakhstan', 'KZT', 'Asia', 'AS', 'kk,ru'),
(376, 'LA', 'Laos', 'LAK', 'Asia', 'AS', 'lo,fr,en'),
(377, 'LB', 'Lebanon', 'LBP', 'Asia', 'AS', 'ar-LB,fr-LB,en,hy'),
(378, 'LC', 'Saint Lucia', 'XCD', 'North America', 'NA', 'en-LC'),
(379, 'LI', 'Liechtenstein', 'CHF', 'Europe', 'EU', 'de-LI'),
(380, 'LK', 'Sri Lanka', 'LKR', 'Asia', 'AS', 'si,ta,en'),
(381, 'LR', 'Liberia', 'LRD', 'Africa', 'AF', 'en-LR'),
(382, 'LS', 'Lesotho', 'LSL', 'Africa', 'AF', 'en-LS,st,zu,xh'),
(383, 'LT', 'Lithuania', 'LTL', 'Europe', 'EU', 'lt,ru,pl'),
(384, 'LU', 'Luxembourg', 'EUR', 'Europe', 'EU', 'lb,de-LU,fr-LU'),
(385, 'LV', 'Latvia', 'EUR', 'Europe', 'EU', 'lv,ru,lt'),
(386, 'LY', 'Libya', 'LYD', 'Africa', 'AF', 'ar-LY,it,en'),
(387, 'MA', 'Morocco', 'MAD', 'Africa', 'AF', 'ar-MA,fr'),
(388, 'MC', 'Monaco', 'EUR', 'Europe', 'EU', 'fr-MC,en,it'),
(389, 'MD', 'Moldova', 'MDL', 'Europe', 'EU', 'ro,ru,gag,tr'),
(390, 'ME', 'Montenegro', 'EUR', 'Europe', 'EU', 'sr,hu,bs,sq,hr,rom'),
(391, 'MF', 'Saint Martin', 'EUR', 'North America', 'NA', 'fr'),
(392, 'MG', 'Madagascar', 'MGA', 'Africa', 'AF', 'fr-MG,mg'),
(393, 'MH', 'Marshall Islands', 'USD', 'Oceania', 'OC', 'mh,en-MH'),
(394, 'MK', 'Macedonia', 'MKD', 'Europe', 'EU', 'mk,sq,tr,rmm,sr'),
(395, 'ML', 'Mali', 'XOF', 'Africa', 'AF', 'fr-ML,bm'),
(396, 'MM', 'Myanmar [Burma]', 'MMK', 'Asia', 'AS', 'my'),
(397, 'MN', 'Mongolia', 'MNT', 'Asia', 'AS', 'mn,ru'),
(398, 'MO', 'Macao', 'MOP', 'Asia', 'AS', 'zh,zh-MO,pt'),
(399, 'MP', 'Northern Mariana Islands', 'USD', 'Oceania', 'OC', 'fil,tl,zh,ch-MP,en-MP'),
(400, 'MQ', 'Martinique', 'EUR', 'North America', 'NA', 'fr-MQ'),
(401, 'MR', 'Mauritania', 'MRO', 'Africa', 'AF', 'ar-MR,fuc,snk,fr,mey,wo'),
(402, 'MS', 'Montserrat', 'XCD', 'North America', 'NA', 'en-MS'),
(403, 'MT', 'Malta', 'EUR', 'Europe', 'EU', 'mt,en-MT'),
(404, 'MU', 'Mauritius', 'MUR', 'Africa', 'AF', 'en-MU,bho,fr'),
(405, 'MV', 'Maldives', 'MVR', 'Asia', 'AS', 'dv,en'),
(406, 'MW', 'Malawi', 'MWK', 'Africa', 'AF', 'ny,yao,tum,swk'),
(407, 'MX', 'Mexico', 'MXN', 'North America', 'NA', 'es-MX'),
(408, 'MY', 'Malaysia', 'MYR', 'Asia', 'AS', 'ms-MY,en,zh,ta,te,ml,pa,th'),
(409, 'MZ', 'Mozambique', 'MZN', 'Africa', 'AF', 'pt-MZ,vmw'),
(410, 'NA', 'Namibia', 'NAD', 'Africa', 'AF', 'en-NA,af,de,hz,naq'),
(411, 'NC', 'New Caledonia', 'XPF', 'Oceania', 'OC', 'fr-NC'),
(412, 'NE', 'Niger', 'XOF', 'Africa', 'AF', 'fr-NE,ha,kr,dje'),
(413, 'NF', 'Norfolk Island', 'AUD', 'Oceania', 'OC', 'en-NF'),
(414, 'NG', 'Nigeria', 'NGN', 'Africa', 'AF', 'en-NG,ha,yo,ig,ff'),
(415, 'NI', 'Nicaragua', 'NIO', 'North America', 'NA', 'es-NI,en'),
(416, 'NL', 'Netherlands', 'EUR', 'Europe', 'EU', 'nl-NL,fy-NL'),
(417, 'NO', 'Norway', 'NOK', 'Europe', 'EU', 'no,nb,nn,se,fi'),
(418, 'NP', 'Nepal', 'NPR', 'Asia', 'AS', 'ne,en'),
(419, 'NR', 'Nauru', 'AUD', 'Oceania', 'OC', 'na,en-NR'),
(420, 'NU', 'Niue', 'NZD', 'Oceania', 'OC', 'niu,en-NU'),
(421, 'NZ', 'New Zealand', 'NZD', 'Oceania', 'OC', 'en-NZ,mi'),
(422, 'OM', 'Oman', 'OMR', 'Asia', 'AS', 'ar-OM,en,bal,ur'),
(423, 'PA', 'Panama', 'PAB', 'North America', 'NA', 'es-PA,en'),
(424, 'PE', 'Peru', 'PEN', 'South America', 'SA', 'es-PE,qu,ay'),
(425, 'PF', 'French Polynesia', 'XPF', 'Oceania', 'OC', 'fr-PF,ty'),
(426, 'PG', 'Papua New Guinea', 'PGK', 'Oceania', 'OC', 'en-PG,ho,meu,tpi'),
(427, 'PH', 'Philippines', 'PHP', 'Asia', 'AS', 'tl,en-PH,fil'),
(428, 'PK', 'Pakistan', 'PKR', 'Asia', 'AS', 'ur-PK,en-PK,pa,sd,ps,brh'),
(429, 'PL', 'Poland', 'PLN', 'Europe', 'EU', 'pl'),
(430, 'PM', 'Saint Pierre and Miquelon', 'EUR', 'North America', 'NA', 'fr-PM'),
(431, 'PN', 'Pitcairn Islands', 'NZD', 'Oceania', 'OC', 'en-PN'),
(432, 'PR', 'Puerto Rico', 'USD', 'North America', 'NA', 'en-PR,es-PR'),
(433, 'PS', 'Palestine', 'ILS', 'Asia', 'AS', 'ar-PS'),
(434, 'PT', 'Portugal', 'EUR', 'Europe', 'EU', 'pt-PT,mwl'),
(435, 'PW', 'Palau', 'USD', 'Oceania', 'OC', 'pau,sov,en-PW,tox,ja,fil,zh'),
(436, 'PY', 'Paraguay', 'PYG', 'South America', 'SA', 'es-PY,gn'),
(437, 'QA', 'Qatar', 'QAR', 'Asia', 'AS', 'ar-QA,es'),
(438, 'RE', 'Réunion', 'EUR', 'Africa', 'AF', 'fr-RE'),
(439, 'RO', 'Romania', 'RON', 'Europe', 'EU', 'ro,hu,rom'),
(440, 'RS', 'Serbia', 'RSD', 'Europe', 'EU', 'sr,hu,bs,rom'),
(441, 'RU', 'Russia', 'RUB', 'Europe', 'EU', 'ru,tt,xal,cau,ady,kv,ce,tyv,cv'),
(442, 'RW', 'Rwanda', 'RWF', 'Africa', 'AF', 'rw,en-RW,fr-RW,sw'),
(443, 'SA', 'Saudi Arabia', 'SAR', 'Asia', 'AS', 'ar-SA'),
(444, 'SB', 'Solomon Islands', 'SBD', 'Oceania', 'OC', 'en-SB,tpi'),
(445, 'SC', 'Seychelles', 'SCR', 'Africa', 'AF', 'en-SC,fr-SC'),
(446, 'SD', 'Sudan', 'SDG', 'Africa', 'AF', 'ar-SD,en,fia'),
(447, 'SE', 'Sweden', 'SEK', 'Europe', 'EU', 'sv-SE,se,sma,fi-SE'),
(448, 'SG', 'Singapore', 'SGD', 'Asia', 'AS', 'cmn,en-SG,ms-SG,ta-SG,zh-SG'),
(449, 'SH', 'Saint Helena', 'SHP', 'Africa', 'AF', 'en-SH'),
(450, 'SI', 'Slovenia', 'EUR', 'Europe', 'EU', 'sl,sh'),
(451, 'SJ', 'Svalbard and Jan Mayen', 'NOK', 'Europe', 'EU', 'no,ru'),
(452, 'SK', 'Slovakia', 'EUR', 'Europe', 'EU', 'sk,hu'),
(453, 'SL', 'Sierra Leone', 'SLL', 'Africa', 'AF', 'en-SL,men,tem'),
(454, 'SM', 'San Marino', 'EUR', 'Europe', 'EU', 'it-SM'),
(455, 'SN', 'Senegal', 'XOF', 'Africa', 'AF', 'fr-SN,wo,fuc,mnk'),
(456, 'SO', 'Somalia', 'SOS', 'Africa', 'AF', 'so-SO,ar-SO,it,en-SO'),
(457, 'SR', 'Suriname', 'SRD', 'South America', 'SA', 'nl-SR,en,srn,hns,jv'),
(458, 'SS', 'South Sudan', 'SSP', 'Africa', 'AF', 'en'),
(459, 'ST', 'São Tomé and Príncipe', 'STD', 'Africa', 'AF', 'pt-ST'),
(460, 'SV', 'El Salvador', 'USD', 'North America', 'NA', 'es-SV'),
(461, 'SX', 'Sint Maarten', 'ANG', 'North America', 'NA', 'nl,en'),
(462, 'SY', 'Syria', 'SYP', 'Asia', 'AS', 'ar-SY,ku,hy,arc,fr,en'),
(463, 'SZ', 'Swaziland', 'SZL', 'Africa', 'AF', 'en-SZ,ss-SZ'),
(464, 'TC', 'Turks and Caicos Islands', 'USD', 'North America', 'NA', 'en-TC'),
(465, 'TD', 'Chad', 'XAF', 'Africa', 'AF', 'fr-TD,ar-TD,sre'),
(466, 'TF', 'French Southern Territories', 'EUR', 'Antarctica', 'AN', 'fr'),
(467, 'TG', 'Togo', 'XOF', 'Africa', 'AF', 'fr-TG,ee,hna,kbp,dag,ha'),
(468, 'TH', 'Thailand', 'THB', 'Asia', 'AS', 'th,en'),
(469, 'TJ', 'Tajikistan', 'TJS', 'Asia', 'AS', 'tg,ru'),
(470, 'TK', 'Tokelau', 'NZD', 'Oceania', 'OC', 'tkl,en-TK'),
(471, 'TL', 'East Timor', 'USD', 'Oceania', 'OC', 'tet,pt-TL,id,en'),
(472, 'TM', 'Turkmenistan', 'TMT', 'Asia', 'AS', 'tk,ru,uz'),
(473, 'TN', 'Tunisia', 'TND', 'Africa', 'AF', 'ar-TN,fr'),
(474, 'TO', 'Tonga', 'TOP', 'Oceania', 'OC', 'to,en-TO'),
(475, 'TR', 'Turkey', 'TRY', 'Asia', 'AS', 'tr-TR,ku,diq,az,av'),
(476, 'TT', 'Trinidad and Tobago', 'TTD', 'North America', 'NA', 'en-TT,hns,fr,es,zh'),
(477, 'TV', 'Tuvalu', 'AUD', 'Oceania', 'OC', 'tvl,en,sm,gil'),
(478, 'TW', 'Taiwan', 'TWD', 'Asia', 'AS', 'zh-TW,zh,nan,hak'),
(479, 'TZ', 'Tanzania', 'TZS', 'Africa', 'AF', 'sw-TZ,en,ar'),
(480, 'UA', 'Ukraine', 'UAH', 'Europe', 'EU', 'uk,ru-UA,rom,pl,hu'),
(481, 'UG', 'Uganda', 'UGX', 'Africa', 'AF', 'en-UG,lg,sw,ar'),
(482, 'UM', 'U.S. Minor Outlying Islands', 'USD', 'Oceania', 'OC', 'en-UM'),
(483, 'US', 'United States', 'USD', 'North America', 'NA', 'en-US,es-US,haw,fr'),
(484, 'UY', 'Uruguay', 'UYU', 'South America', 'SA', 'es-UY'),
(485, 'UZ', 'Uzbekistan', 'UZS', 'Asia', 'AS', 'uz,ru,tg'),
(486, 'VA', 'Vatican City', 'EUR', 'Europe', 'EU', 'la,it,fr'),
(487, 'VC', 'Saint Vincent and the Grenadines', 'XCD', 'North America', 'NA', 'en-VC,fr'),
(488, 'VE', 'Venezuela', 'VEF', 'South America', 'SA', 'es-VE'),
(489, 'VG', 'British Virgin Islands', 'USD', 'North America', 'NA', 'en-VG'),
(490, 'VI', 'U.S. Virgin Islands', 'USD', 'North America', 'NA', 'en-VI'),
(491, 'VN', 'Vietnam', 'VND', 'Asia', 'AS', 'vi,en,fr,zh,km'),
(492, 'VU', 'Vanuatu', 'VUV', 'Oceania', 'OC', 'bi,en-VU,fr-VU'),
(493, 'WF', 'Wallis and Futuna', 'XPF', 'Oceania', 'OC', 'wls,fud,fr-WF'),
(494, 'WS', 'Samoa', 'WST', 'Oceania', 'OC', 'sm,en-WS'),
(495, 'XK', 'Kosovo', 'EUR', 'Europe', 'EU', 'sq,sr'),
(496, 'YE', 'Yemen', 'YER', 'Asia', 'AS', 'ar-YE'),
(497, 'YT', 'Mayotte', 'EUR', 'Africa', 'AF', 'fr-YT'),
(498, 'ZA', 'South Africa', 'ZAR', 'Africa', 'AF', 'zu,xh,af,nso,en-ZA,tn,st,ts,ss'),
(499, 'ZM', 'Zambia', 'ZMW', 'Africa', 'AF', 'en-ZM,bem,loz,lun,lue,ny,toi'),
(500, 'ZW', 'Zimbabwe', 'ZWL', 'Africa', 'AF', 'en-ZW,sn,nr,nd');

-- --------------------------------------------------------

--
-- Table structure for table `earnings`
--

CREATE TABLE IF NOT EXISTS `earnings` (
  `id` int(11) NOT NULL AUTO_INCREMENT,
  `user_id` int(11) NOT NULL,
  `amount` varchar(20) NOT NULL,
  `invoice_id` int(11) NOT NULL,
  `income_type` varchar(50) NOT NULL,
  `income_for` varchar(50) NOT NULL,
  `created_at` int(11) NOT NULL,
  `modified_at` int(11) NOT NULL,
  PRIMARY KEY (`id`)
) ENGINE=InnoDB  DEFAULT CHARSET=latin1 AUTO_INCREMENT=33 ;

--
-- Dumping data for table `earnings`
--

INSERT INTO `earnings` (`id`, `user_id`, `amount`, `invoice_id`, `income_type`, `income_for`, `created_at`, `modified_at`) VALUES
(1, 1, '3', 3, 'onSales', 'agent', 1432322529, 1432322529),
(2, 4, '2.25', 3, 'onPurchase', 'user', 1432322529, 1432322529),
(3, 1, '6.25', 3, 'admin', 'admin', 1432322529, 1432322529),
(4, 1, '1.75', 3, 'referral', 'referralUser', 1432322529, 1432322529),
(5, 1, '5.4', 4, 'onSales', 'agent', 1432323683, 1432323683),
(6, 4, '4.05', 4, 'onPurchase', 'user', 1432323683, 1432323683),
(7, 1, '11.25', 4, 'admin', 'admin', 1432323683, 1432323683),
(8, 1, '3.15', 4, 'referral', 'referralUser', 1432323683, 1432323683),
(9, 1, '7.2', 5, 'onSales', 'agent', 1432324420, 1432324420),
(10, 4, '5.4', 5, 'onPurchase', 'user', 1432324420, 1432324420),
(11, 1, '15', 5, 'admin', 'admin', 1432324420, 1432324420),
(12, 1, '4.2', 5, 'referral', 'referralUser', 1432324420, 1432324420),
(13, 1, '8.46', 6, 'onSales', 'agent', 1432406082, 1432406082),
(14, 4, '6.345', 6, 'onPurchase', 'user', 1432406082, 1432406082),
(15, 1, '17.625', 6, 'admin', 'admin', 1432406082, 1432406082),
(16, 1, '4.935', 6, 'referral', 'referralUser', 1432406082, 1432406082),
(17, 1, '0.96', 7, 'onSales', 'agent', 1432406758, 1432406758),
(18, 4, '0.72', 7, 'onPurchase', 'user', 1432406758, 1432406758),
(19, 1, '2', 7, 'admin', 'admin', 1432406758, 1432406758),
(20, 1, '0.56', 7, 'referral', 'referralUser', 1432406758, 1432406758),
(21, 28, '1.908', 8, 'onSales', 'agent', 1439627391, 1439627391),
(22, 4, '1.431', 8, 'onPurchase', 'user', 1439627391, 1439627391),
(23, 1, '3.975', 8, 'admin', 'admin', 1439627391, 1439627391),
(24, 1, '1.113', 8, 'referral', 'referralUser', 1439627391, 1439627391),
(25, 1, '0.72', 9, 'onSales', 'agent', 1442344854, 1442344854),
(26, 28, '0.54', 9, 'onPurchase', 'user', 1442344854, 1442344854),
(27, 1, '1.5', 9, 'admin', 'admin', 1442344854, 1442344854),
(28, 28, '0.42', 9, 'referral', 'referralUser', 1442344854, 1442344854),
(29, 1, '8.4', 10, 'onSales', 'agent', 1442422368, 1442422368),
(30, 32, '6.3', 10, 'onPurchase', 'user', 1442422368, 1442422368),
(31, 1, '17.5', 10, 'admin', 'admin', 1442422368, 1442422368),
(32, 32, '4.9', 10, 'referral', 'referralUser', 1442422369, 1442422369);

-- --------------------------------------------------------

--
-- Table structure for table `invoice`
--

CREATE TABLE IF NOT EXISTS `invoice` (
  `id` int(11) NOT NULL AUTO_INCREMENT,
  `total_product` int(11) NOT NULL,
  `total_price` varchar(20) NOT NULL,
  `customer_id` int(11) NOT NULL,
  `customer_referral_id` varchar(20) NOT NULL,
  `sales_by` int(11) NOT NULL,
  `created_at` int(11) NOT NULL,
  `modified_at` int(11) NOT NULL,
  PRIMARY KEY (`id`)
) ENGINE=InnoDB  DEFAULT CHARSET=latin1 AUTO_INCREMENT=11 ;

--
-- Dumping data for table `invoice`
--

INSERT INTO `invoice` (`id`, `total_product`, `total_price`, `customer_id`, `customer_referral_id`, `sales_by`, `created_at`, `modified_at`) VALUES
(6, 3, '590', 4, 'GFPV7BS0', 1, 1436745600, 1436745600),
(7, 1, '80', 4, 'GFPV7BS0', 1, 1436745600, 1436745600),
(8, 2, '106', 4, 'GFPV7BS0', 28, 1439627391, 1439627391),
(9, 1, '40', 28, 'BEFVVAG0', 1, 1442344854, 1442344854),
(10, 2, '550', 32, '198564', 1, 1442422368, 1442422368);

-- --------------------------------------------------------

--
-- Table structure for table `log`
--

CREATE TABLE IF NOT EXISTS `log` (
  `id` int(11) NOT NULL AUTO_INCREMENT,
  `user_id` int(11) NOT NULL,
  `ip` varchar(100) NOT NULL,
  `device_info` varchar(500) NOT NULL,
  `created_at` int(11) NOT NULL,
  PRIMARY KEY (`id`)
) ENGINE=InnoDB  DEFAULT CHARSET=latin1 AUTO_INCREMENT=110 ;

--
-- Dumping data for table `log`
--

INSERT INTO `log` (`id`, `user_id`, `ip`, `device_info`, `created_at`) VALUES
(1, 1, '127.0.0.1', 'Mozilla/5.0 (X11; Ubuntu; Linux i686; rv:35.0) Gecko/20100101 Firefox/35.0', 1430499629),
(2, 1, '127.0.0.1', 'Mozilla/5.0 (X11; Ubuntu; Linux i686; rv:35.0) Gecko/20100101 Firefox/35.0', 1430500493),
(3, 1, '127.0.0.1', 'Mozilla/5.0 (X11; Ubuntu; Linux i686; rv:35.0) Gecko/20100101 Firefox/35.0', 1430500556),
(4, 1, '127.0.0.1', 'Mozilla/5.0 (X11; Ubuntu; Linux i686; rv:35.0) Gecko/20100101 Firefox/35.0', 1430504773),
(5, 1, '127.0.0.1', 'Mozilla/5.0 (X11; Ubuntu; Linux i686; rv:35.0) Gecko/20100101 Firefox/35.0', 1430508052),
(6, 1, '127.0.0.1', 'Mozilla/5.0 (X11; Ubuntu; Linux i686; rv:35.0) Gecko/20100101 Firefox/35.0', 1430547797),
(7, 1, '127.0.0.1', 'Mozilla/5.0 (X11; Ubuntu; Linux i686; rv:35.0) Gecko/20100101 Firefox/35.0', 1430561975),
(8, 1, '127.0.0.1', 'Mozilla/5.0 (X11; Ubuntu; Linux i686; rv:35.0) Gecko/20100101 Firefox/35.0', 1430562955),
(9, 1, '127.0.0.1', 'Mozilla/5.0 (X11; Ubuntu; Linux i686; rv:35.0) Gecko/20100101 Firefox/35.0', 1430575395),
(10, 1, '127.0.0.1', 'Mozilla/5.0 (X11; Ubuntu; Linux i686; rv:35.0) Gecko/20100101 Firefox/35.0', 1430575731),
(11, 1, '127.0.0.1', 'Mozilla/5.0 (X11; Ubuntu; Linux i686; rv:35.0) Gecko/20100101 Firefox/35.0', 1430580105),
(12, 1, '127.0.0.1', 'Mozilla/5.0 (X11; Ubuntu; Linux i686; rv:35.0) Gecko/20100101 Firefox/35.0', 1430583531),
(13, 1, '127.0.0.1', 'Mozilla/5.0 (X11; Ubuntu; Linux i686; rv:35.0) Gecko/20100101 Firefox/35.0', 1430590472),
(14, 1, '127.0.0.1', 'Mozilla/5.0 (X11; Ubuntu; Linux i686; rv:35.0) Gecko/20100101 Firefox/35.0', 1430590914),
(15, 1, '127.0.0.1', 'Mozilla/5.0 (X11; Ubuntu; Linux i686; rv:35.0) Gecko/20100101 Firefox/35.0', 1430670166),
(16, 1, '127.0.0.1', 'Mozilla/5.0 (X11; Ubuntu; Linux i686; rv:35.0) Gecko/20100101 Firefox/35.0', 1430758896),
(17, 1, '127.0.0.1', 'Mozilla/5.0 (X11; Ubuntu; Linux i686; rv:35.0) Gecko/20100101 Firefox/35.0', 1430842001),
(18, 1, '127.0.0.1', 'Mozilla/5.0 (X11; Ubuntu; Linux i686; rv:35.0) Gecko/20100101 Firefox/35.0', 1430928517),
(19, 1, '127.0.0.1', 'Mozilla/5.0 (X11; Ubuntu; Linux i686; rv:35.0) Gecko/20100101 Firefox/35.0', 1431011835),
(20, 1, '127.0.0.1', 'Mozilla/5.0 (X11; Ubuntu; Linux i686; rv:35.0) Gecko/20100101 Firefox/35.0', 1431025789),
(21, 1, '127.0.0.1', 'Mozilla/5.0 (X11; Ubuntu; Linux i686; rv:35.0) Gecko/20100101 Firefox/35.0', 1431028999),
(22, 30, '127.0.0.1', 'Mozilla/5.0 (X11; Ubuntu; Linux i686; rv:35.0) Gecko/20100101 Firefox/35.0', 1431031515),
(23, 1, '127.0.0.1', 'Mozilla/5.0 (X11; Ubuntu; Linux i686; rv:35.0) Gecko/20100101 Firefox/35.0', 1431072154),
(24, 28, '127.0.0.1', 'Mozilla/5.0 (X11; Ubuntu; Linux i686; rv:35.0) Gecko/20100101 Firefox/35.0', 1431077041),
(25, 1, '127.0.0.1', 'Mozilla/5.0 (X11; Ubuntu; Linux i686; rv:35.0) Gecko/20100101 Firefox/35.0', 1431078901),
(26, 1, '127.0.0.1', 'Mozilla/5.0 (X11; Ubuntu; Linux i686; rv:35.0) Gecko/20100101 Firefox/35.0', 1431102019),
(27, 4, '127.0.0.1', 'Mozilla/5.0 (X11; Ubuntu; Linux i686; rv:35.0) Gecko/20100101 Firefox/35.0', 1431106502),
(28, 1, '127.0.0.1', 'Mozilla/5.0 (X11; Ubuntu; Linux i686; rv:35.0) Gecko/20100101 Firefox/35.0', 1431107023),
(29, 1, '127.0.0.1', 'Mozilla/5.0 (X11; Ubuntu; Linux i686; rv:35.0) Gecko/20100101 Firefox/35.0', 1431157396),
(30, 1, '127.0.0.1', 'Mozilla/5.0 (X11; Ubuntu; Linux i686; rv:35.0) Gecko/20100101 Firefox/35.0', 1431185343),
(31, 1, '127.0.0.1', 'Mozilla/5.0 (X11; Ubuntu; Linux i686; rv:35.0) Gecko/20100101 Firefox/35.0', 1432135964),
(32, 4, '127.0.0.1', 'Mozilla/5.0 (X11; Ubuntu; Linux i686; rv:35.0) Gecko/20100101 Firefox/35.0', 1432144040),
(33, 1, '127.0.0.1', 'Mozilla/5.0 (X11; Ubuntu; Linux i686; rv:35.0) Gecko/20100101 Firefox/35.0', 1432144087),
(34, 1, '127.0.0.1', 'Mozilla/5.0 (X11; Ubuntu; Linux i686; rv:35.0) Gecko/20100101 Firefox/35.0', 1432145769),
(35, 1, '127.0.0.1', 'Mozilla/5.0 (X11; Ubuntu; Linux i686; rv:35.0) Gecko/20100101 Firefox/35.0', 1432232292),
(36, 1, '127.0.0.1', 'Mozilla/5.0 (X11; Ubuntu; Linux i686; rv:35.0) Gecko/20100101 Firefox/35.0', 1432275423),
(37, 1, '127.0.0.1', 'Mozilla/5.0 (X11; Ubuntu; Linux i686; rv:35.0) Gecko/20100101 Firefox/35.0', 1432303499),
(38, 1, '127.0.0.1', 'Mozilla/5.0 (X11; Ubuntu; Linux i686; rv:35.0) Gecko/20100101 Firefox/35.0', 1432398283),
(39, 1, '127.0.0.1', 'Mozilla/5.0 (X11; Ubuntu; Linux i686; rv:35.0) Gecko/20100101 Firefox/35.0', 1432487299),
(40, 1, '127.0.0.1', 'Mozilla/5.0 (X11; Ubuntu; Linux i686; rv:35.0) Gecko/20100101 Firefox/35.0', 1432571684),
(41, 30, '127.0.0.1', 'Mozilla/5.0 (X11; Ubuntu; Linux i686; rv:35.0) Gecko/20100101 Firefox/35.0', 1432576307),
(42, 4, '127.0.0.1', 'Mozilla/5.0 (X11; Ubuntu; Linux i686; rv:35.0) Gecko/20100101 Firefox/35.0', 1432576337),
(43, 29, '127.0.0.1', 'Mozilla/5.0 (X11; Ubuntu; Linux i686; rv:35.0) Gecko/20100101 Firefox/35.0', 1432576860),
(44, 1, '127.0.0.1', 'Mozilla/5.0 (X11; Ubuntu; Linux i686; rv:35.0) Gecko/20100101 Firefox/35.0', 1432577002),
(45, 1, '127.0.0.1', 'Mozilla/5.0 (X11; Ubuntu; Linux i686; rv:35.0) Gecko/20100101 Firefox/35.0', 1432580377),
(46, 1, '127.0.0.1', 'Mozilla/5.0 (X11; Ubuntu; Linux i686; rv:35.0) Gecko/20100101 Firefox/35.0', 1432658287),
(47, 29, '127.0.0.1', 'Mozilla/5.0 (X11; Ubuntu; Linux i686; rv:35.0) Gecko/20100101 Firefox/35.0', 1432662175),
(48, 28, '127.0.0.1', 'Mozilla/5.0 (X11; Ubuntu; Linux i686; rv:35.0) Gecko/20100101 Firefox/35.0', 1432663417),
(49, 29, '127.0.0.1', 'Mozilla/5.0 (X11; Ubuntu; Linux i686; rv:35.0) Gecko/20100101 Firefox/35.0', 1432664429),
(50, 28, '127.0.0.1', 'Mozilla/5.0 (X11; Ubuntu; Linux i686; rv:35.0) Gecko/20100101 Firefox/35.0', 1432665161),
(51, 1, '127.0.0.1', 'Mozilla/5.0 (X11; Ubuntu; Linux i686; rv:35.0) Gecko/20100101 Firefox/35.0', 1432743034),
(52, 1, '127.0.0.1', 'Mozilla/5.0 (X11; Ubuntu; Linux i686; rv:35.0) Gecko/20100101 Firefox/35.0', 1432744109),
(53, 1, '127.0.0.1', 'Mozilla/5.0 (X11; Ubuntu; Linux i686; rv:35.0) Gecko/20100101 Firefox/35.0', 1432750073),
(54, 1, '127.0.0.1', 'Mozilla/5.0 (X11; Ubuntu; Linux i686; rv:35.0) Gecko/20100101 Firefox/35.0', 1432970313),
(55, 1, '127.0.0.1', 'Mozilla/5.0 (X11; Ubuntu; Linux i686; rv:35.0) Gecko/20100101 Firefox/35.0', 1433000938),
(56, 1, '127.0.0.1', 'Mozilla/5.0 (X11; Ubuntu; Linux i686; rv:35.0) Gecko/20100101 Firefox/35.0', 1433087188),
(57, 1, '127.0.0.1', 'Mozilla/5.0 (X11; Ubuntu; Linux i686; rv:35.0) Gecko/20100101 Firefox/35.0', 1433175611),
(58, 1, '127.0.0.1', 'Mozilla/5.0 (X11; Ubuntu; Linux i686; rv:35.0) Gecko/20100101 Firefox/35.0', 1433343960),
(59, 1, '127.0.0.1', 'Mozilla/5.0 (X11; Ubuntu; Linux i686; rv:35.0) Gecko/20100101 Firefox/35.0', 1433486157),
(60, 1, '127.0.0.1', 'Mozilla/5.0 (X11; Ubuntu; Linux i686; rv:35.0) Gecko/20100101 Firefox/35.0', 1433486169),
(61, 1, '127.0.0.1', 'Mozilla/5.0 (X11; Ubuntu; Linux i686; rv:35.0) Gecko/20100101 Firefox/35.0', 1433527968),
(62, 1, '127.0.0.1', 'Mozilla/5.0 (X11; Ubuntu; Linux i686; rv:35.0) Gecko/20100101 Firefox/35.0', 1434047907),
(63, 1, '127.0.0.1', 'Mozilla/5.0 (X11; Ubuntu; Linux i686; rv:35.0) Gecko/20100101 Firefox/35.0', 1438439464),
(64, 1, '127.0.0.1', 'Mozilla/5.0 (X11; Ubuntu; Linux i686; rv:35.0) Gecko/20100101 Firefox/35.0', 1438532137),
(65, 1, '127.0.0.1', 'Mozilla/5.0 (X11; Ubuntu; Linux i686; rv:40.0) Gecko/20100101 Firefox/40.0', 1439623548),
(66, 1, '127.0.0.1', 'Mozilla/5.0 (X11; Ubuntu; Linux i686; rv:40.0) Gecko/20100101 Firefox/40.0', 1439624475),
(67, 28, '127.0.0.1', 'Mozilla/5.0 (X11; Ubuntu; Linux i686; rv:40.0) Gecko/20100101 Firefox/40.0', 1439627285),
(68, 28, '127.0.0.1', 'Mozilla/5.0 (X11; Ubuntu; Linux i686; rv:40.0) Gecko/20100101 Firefox/40.0', 1439627747),
(69, 1, '127.0.0.1', 'Mozilla/5.0 (X11; Ubuntu; Linux i686; rv:40.0) Gecko/20100101 Firefox/40.0', 1439834066),
(70, 1, '127.0.0.1', 'Mozilla/5.0 (X11; Ubuntu; Linux i686; rv:40.0) Gecko/20100101 Firefox/40.0', 1439834254),
(71, 1, '127.0.0.1', 'Mozilla/5.0 (X11; Ubuntu; Linux i686; rv:40.0) Gecko/20100101 Firefox/40.0', 1439835667),
(72, 1, '127.0.0.1', 'Mozilla/5.0 (X11; Ubuntu; Linux i686; rv:40.0) Gecko/20100101 Firefox/40.0', 1439913568),
(73, 28, '127.0.0.1', 'Mozilla/5.0 (X11; Ubuntu; Linux i686; rv:40.0) Gecko/20100101 Firefox/40.0', 1439915582),
(74, 1, '127.0.0.1', 'Mozilla/5.0 (X11; Ubuntu; Linux i686; rv:40.0) Gecko/20100101 Firefox/40.0', 1439923308),
(75, 1, '127.0.0.1', 'Mozilla/5.0 (X11; Ubuntu; Linux i686; rv:40.0) Gecko/20100101 Firefox/40.0', 1440004666),
(76, 1, '127.0.0.1', 'Mozilla/5.0 (X11; Ubuntu; Linux i686; rv:40.0) Gecko/20100101 Firefox/40.0', 1440143953),
(77, 4, '127.0.0.1', 'Mozilla/5.0 (X11; Ubuntu; Linux i686; rv:40.0) Gecko/20100101 Firefox/40.0', 1440151458),
(78, 1, '127.0.0.1', 'Mozilla/5.0 (X11; Ubuntu; Linux i686; rv:40.0) Gecko/20100101 Firefox/40.0', 1440164743),
(79, 1, '127.0.0.1', 'Mozilla/5.0 (X11; Ubuntu; Linux i686; rv:40.0) Gecko/20100101 Firefox/40.0', 1440439446),
(80, 1, '127.0.0.1', 'Mozilla/5.0 (X11; Ubuntu; Linux i686; rv:40.0) Gecko/20100101 Firefox/40.0', 1440519011),
(81, 1, '127.0.0.1', 'Mozilla/5.0 (X11; Ubuntu; Linux i686; rv:40.0) Gecko/20100101 Firefox/40.0', 1440603937),
(82, 1, '127.0.0.1', 'Mozilla/5.0 (X11; Ubuntu; Linux i686; rv:40.0) Gecko/20100101 Firefox/40.0', 1440695849),
(83, 1, '127.0.0.1', 'Mozilla/5.0 (X11; Ubuntu; Linux i686; rv:40.0) Gecko/20100101 Firefox/40.0', 1440864026),
(84, 1, '127.0.0.1', 'Mozilla/5.0 (X11; Ubuntu; Linux i686; rv:40.0) Gecko/20100101 Firefox/40.0', 1440864040),
(85, 1, '127.0.0.1', 'Mozilla/5.0 (X11; Ubuntu; Linux i686; rv:40.0) Gecko/20100101 Firefox/40.0', 1441357589),
(86, 1, '127.0.0.1', 'Mozilla/5.0 (X11; Ubuntu; Linux i686; rv:40.0) Gecko/20100101 Firefox/40.0', 1441359948),
(87, 1, '127.0.0.1', 'Mozilla/5.0 (X11; Ubuntu; Linux i686; rv:40.0) Gecko/20100101 Firefox/40.0', 1441361179),
(88, 1, '127.0.0.1', 'Mozilla/5.0 (X11; Ubuntu; Linux i686; rv:40.0) Gecko/20100101 Firefox/40.0', 1441366202),
(89, 1, '127.0.0.1', 'Mozilla/5.0 (X11; Ubuntu; Linux i686; rv:40.0) Gecko/20100101 Firefox/40.0', 1441447291),
(90, 1, '127.0.0.1', 'Mozilla/5.0 (X11; Ubuntu; Linux i686; rv:40.0) Gecko/20100101 Firefox/40.0', 1441468134),
(91, 4, '127.0.0.1', 'Mozilla/5.0 (X11; Ubuntu; Linux i686; rv:40.0) Gecko/20100101 Firefox/40.0', 1441468211),
(92, 1, '127.0.0.1', 'Mozilla/5.0 (X11; Ubuntu; Linux i686; rv:40.0) Gecko/20100101 Firefox/40.0', 1441469308),
(93, 4, '127.0.0.1', 'Mozilla/5.0 (X11; Ubuntu; Linux i686; rv:40.0) Gecko/20100101 Firefox/40.0', 1441470002),
(94, 1, '127.0.0.1', 'Mozilla/5.0 (X11; Ubuntu; Linux i686; rv:40.0) Gecko/20100101 Firefox/40.0', 1441470539),
(95, 1, '127.0.0.1', 'Mozilla/5.0 (X11; Ubuntu; Linux i686; rv:40.0) Gecko/20100101 Firefox/40.0', 1441470550),
(96, 1, '127.0.0.1', 'Mozilla/5.0 (X11; Ubuntu; Linux i686; rv:40.0) Gecko/20100101 Firefox/40.0', 1441811859),
(97, 1, '127.0.0.1', 'Mozilla/5.0 (X11; Ubuntu; Linux i686; rv:40.0) Gecko/20100101 Firefox/40.0', 1441983124),
(98, 1, '127.0.0.1', 'Mozilla/5.0 (X11; Ubuntu; Linux i686; rv:40.0) Gecko/20100101 Firefox/40.0', 1441995774),
(99, 1, '127.0.0.1', 'Mozilla/5.0 (X11; Ubuntu; Linux i686; rv:40.0) Gecko/20100101 Firefox/40.0', 1442083652),
(100, 1, '127.0.0.1', 'Mozilla/5.0 (X11; Ubuntu; Linux i686; rv:40.0) Gecko/20100101 Firefox/40.0', 1442166916),
(101, 1, '127.0.0.1', 'Mozilla/5.0 (X11; Ubuntu; Linux i686; rv:40.0) Gecko/20100101 Firefox/40.0', 1442253317),
(102, 1, '127.0.0.1', 'Mozilla/5.0 (X11; Ubuntu; Linux i686; rv:40.0) Gecko/20100101 Firefox/40.0', 1442343464),
(103, 1, '127.0.0.1', 'Mozilla/5.0 (X11; Ubuntu; Linux i686; rv:40.0) Gecko/20100101 Firefox/40.0', 1442421652),
(104, 1, '127.0.0.1', 'Mozilla/5.0 (X11; Ubuntu; Linux i686; rv:40.0) Gecko/20100101 Firefox/40.0', 1442430341),
(105, 1, '127.0.0.1', 'Mozilla/5.0 (X11; Ubuntu; Linux i686; rv:40.0) Gecko/20100101 Firefox/40.0', 1442646354),
(106, 4, '127.0.0.1', 'Mozilla/5.0 (X11; Ubuntu; Linux i686; rv:40.0) Gecko/20100101 Firefox/40.0', 1442649102),
(107, 1, '127.0.0.1', 'Mozilla/5.0 (X11; Ubuntu; Linux i686; rv:40.0) Gecko/20100101 Firefox/40.0', 1442666843),
(108, 1, '127.0.0.1', 'Mozilla/5.0 (X11; Ubuntu; Linux i686; rv:40.0) Gecko/20100101 Firefox/40.0', 1442671501),
(109, 1, '127.0.0.1', 'Mozilla/5.0 (X11; Ubuntu; Linux i686; rv:40.0) Gecko/20100101 Firefox/40.0', 1442679607);

-- --------------------------------------------------------

--
-- Table structure for table `options`
--

DROP TABLE IF EXISTS `options`;
CREATE TABLE IF NOT EXISTS `options` (
  `id` int(11) NOT NULL AUTO_INCREMENT,
  `option` varchar(50) NOT NULL,
  `value` text NOT NULL,
  PRIMARY KEY (`id`)
) ENGINE=InnoDB  DEFAULT CHARSET=latin1 AUTO_INCREMENT=12 ;

--
-- Dumping data for table `options`
--

INSERT INTO `options` (`id`, `option`, `value`) VALUES
(1, 'company_name', 'SAMS'),
(2, 'default_email', 'admin@demo.com'),
(3, 'contact_address', '<pre>Thank you for purchasing product form our store, you will get some extra commission based on your purchasing amount on your account, please check your account from dashboard. &lt;br&gt; Below are your purchasing details.</pre><br>'),
(4, 'agent_commision', '30'),
(5, 'user_commision', '10'),
(6, 'referral_commision', '10'),
(7, 'admin_commision', '50'),
(8, 'invoice_information', 'Your all payment will be calculate soon, payment details are on your profile. '),
(9, 'invoice_terms', 'Invoice terms and condition'),
(10, 'email_text_product_sales', '<pre>Thank you for purchasing product form our store, you will get some extra commission based on your purchasing amount on your account, please check your account from dashboard. <br> Below are your purchasing details.</pre><br>'),
(11, 'default_currency', '$');

-- --------------------------------------------------------

--
-- Table structure for table `payment`
--

CREATE TABLE IF NOT EXISTS `payment` (
  `id` int(11) NOT NULL AUTO_INCREMENT,
  `payee_id` int(11) NOT NULL,
  `payee_referralCode` varchar(20) NOT NULL,
  `amount` varchar(20) NOT NULL,
  `pay_by` int(11) NOT NULL,
  `pay_for` varchar(20) NOT NULL,
  `payment_method` varchar(50) NOT NULL,
  `status` enum('requested','approved') NOT NULL,
  `payment_for_date` datetime NOT NULL,
  `payment_make_date` datetime NOT NULL,
  `created_at` int(11) NOT NULL,
  `modified_at` int(11) NOT NULL,
  PRIMARY KEY (`id`)
) ENGINE=InnoDB  DEFAULT CHARSET=latin1 AUTO_INCREMENT=8 ;

--
-- Dumping data for table `payment`
--

INSERT INTO `payment` (`id`, `payee_id`, `payee_referralCode`, `amount`, `pay_by`, `pay_for`, `payment_method`, `status`, `payment_for_date`, `payment_make_date`, `created_at`, `modified_at`) VALUES
(1, 4, 'GFPV7BS0', '10', 1, '', '', 'approved', '0000-00-00 00:00:00', '0000-00-00 00:00:00', 1432581319, 1432581319),
(2, 1, 'IBVJORTP', '12', 1, 'admin', '', 'approved', '0000-00-00 00:00:00', '0000-00-00 00:00:00', 1432581385, 1432581385),
(3, 1, 'IBVJORTP', '15', 1, 'admin', '', 'approved', '0000-00-00 00:00:00', '0000-00-00 00:00:00', 1432582314, 1432582314),
(4, 29, 'JOMPWVZT', '20', 1, '', '', 'approved', '0000-00-00 00:00:00', '0000-00-00 00:00:00', 1432588245, 1432588245),
(5, 1, 'IBVJORTP', '20', 1, 'admin', '', 'approved', '2015-08-26 00:00:00', '2015-08-26 00:00:00', 1440615944, 1440615944),
(6, 4, 'GFPV7BS0', '20', 1, 'agent', 'bank', 'approved', '2015-08-27 00:00:00', '2015-08-27 00:00:00', 1440616150, 1440616150),
(7, 29, 'JOMPWVZT', '10', 1, 'user', 'paypal', 'approved', '2015-08-27 00:00:00', '2015-08-27 00:00:00', 1440617919, 1440617919);

-- --------------------------------------------------------

--
-- Table structure for table `payment_request`
--

CREATE TABLE IF NOT EXISTS `payment_request` (
  `id` int(11) NOT NULL AUTO_INCREMENT,
  `amount` int(11) NOT NULL,
  `payment_method` enum('paypal','skrill','payoneer','bank') NOT NULL,
  `payment_method_email` varchar(100) NOT NULL,
  `currency` varchar(100) NOT NULL,
  `account_name` varchar(100) NOT NULL,
  `iban` varchar(100) NOT NULL,
  `swift` varchar(100) NOT NULL,
  `bank_name` varchar(100) NOT NULL,
  `bank_address` varchar(100) NOT NULL,
  `bank_branch_name` varchar(100) NOT NULL,
  `bank_provenance` varchar(100) NOT NULL,
  `bank_country` varchar(100) NOT NULL,
  `status` enum('pending','approve','decline') NOT NULL,
  `request_by` int(11) NOT NULL,
  `created_at` int(11) NOT NULL,
  `updated_at` int(11) NOT NULL,
  PRIMARY KEY (`id`)
) ENGINE=InnoDB  DEFAULT CHARSET=latin1 AUTO_INCREMENT=3 ;

--
-- Dumping data for table `payment_request`
--

INSERT INTO `payment_request` (`id`, `amount`, `payment_method`, `payment_method_email`, `currency`, `account_name`, `iban`, `swift`, `bank_name`, `bank_address`, `bank_branch_name`, `bank_provenance`, `bank_country`, `status`, `request_by`, `created_at`, `updated_at`) VALUES
(1, 30, 'paypal', 'none@none.com', 'usd', '', '', '', '', '', '', '', '', 'approve', 4, 0, 0),
(2, 50, 'bank', '', 'usd', 'John Doe', '34345', '34546', 'Dutch bangla bank limited', 'Chowmuhoni, noakhali', 'Chowmuhoni', 'Noakhali', 'Bangladesh', 'approve', 4, 1442659933, 1442659933);

-- --------------------------------------------------------

--
-- Table structure for table `sales_item`
--

CREATE TABLE IF NOT EXISTS `sales_item` (
  `id` int(11) NOT NULL AUTO_INCREMENT,
  `category_id` int(11) NOT NULL,
  `product_name` varchar(200) NOT NULL,
  `invoice_id` int(11) NOT NULL,
  `qty` int(11) NOT NULL,
  `item_price` varchar(20) NOT NULL,
  `price` varchar(20) NOT NULL,
  `commission` varchar(20) NOT NULL,
  `created_at` int(11) NOT NULL,
  `modified_at` int(11) NOT NULL,
  PRIMARY KEY (`id`)
) ENGINE=InnoDB  DEFAULT CHARSET=latin1 AUTO_INCREMENT=18 ;

--
-- Dumping data for table `sales_item`
--

INSERT INTO `sales_item` (`id`, `category_id`, `product_name`, `invoice_id`, `qty`, `item_price`, `price`, `commission`, `created_at`, `modified_at`) VALUES
(7, 1, 'Asus motherboard', 5, 2, '', '200', '30', 1432324420, 1432324420),
(8, 3, 'Software Development Cost', 5, 2, '', '300', '30', 1432324420, 1432324420),
(9, 1, 'Software Development Cost', 6, 1, '50', '50', '7.5', 1432406082, 1432406082),
(10, 3, 'AnotherProduct', 6, 2, '180', '360', '36', 1432406082, 1432406082),
(11, 1, 'Asus motherboard', 6, 3, '60', '180', '27', 1432406082, 1432406082),
(12, 3, 'Asus motherboard', 7, 1, '80', '80', '8', 1432406758, 1432406758),
(13, 1, 'Asus motherboard', 8, 1, '48', '48', '7.2', 1439627391, 1439627391),
(14, 1, 'Software Development', 8, 1, '58', '58', '8.7', 1439627391, 1439627391),
(15, 1, 'Asus motherboard', 9, 1, '40', '40', '6', 1442344854, 1442344854),
(16, 1, 'Software Development Cost', 10, 1, '300', '300', '45', 1442422368, 1442422368),
(17, 3, 'AnotherProduct', 10, 1, '250', '250', '25', 1442422368, 1442422368);

-- --------------------------------------------------------

--
-- Table structure for table `users`
--

CREATE TABLE IF NOT EXISTS `users` (
  `id` int(11) NOT NULL AUTO_INCREMENT,
  `first_name` varchar(100) NOT NULL,
  `last_name` varchar(100) NOT NULL,
  `password` varchar(200) NOT NULL,
  `row_pass` varchar(255) NOT NULL,
  `email` varchar(100) NOT NULL,
  `contactno` varchar(20) NOT NULL,
  `gender` varchar(20) NOT NULL,
  `date_of_birth` varchar(30) DEFAULT NULL,
  `profession` varchar(200) NOT NULL,
  `street_address` varchar(500) NOT NULL,
  `area_name` varchar(100) NOT NULL,
  `area_id` int(11) NOT NULL,
  `city` varchar(100) NOT NULL,
  `city_id` int(11) NOT NULL,
  `country` varchar(200) NOT NULL,
  `country_id` int(11) NOT NULL,
  `postal_code` int(20) NOT NULL,
  `national_id` varchar(255) NOT NULL,
  `passport_no` varchar(255) NOT NULL,
  `role` varchar(200) NOT NULL,
  `active` tinyint(1) NOT NULL,
  `online_status` tinyint(1) NOT NULL,
  `user_lastlogin` int(11) NOT NULL,
  `referral_code` varchar(50) NOT NULL,
  `referredByCode` varchar(50) NOT NULL,
  `photo` varchar(500) NOT NULL,
  `created_by` int(11) NOT NULL,
  `created_at` int(11) NOT NULL,
  `modified_at` int(11) NOT NULL,
  PRIMARY KEY (`id`),
  UNIQUE KEY `email` (`email`)
) ENGINE=InnoDB  DEFAULT CHARSET=latin1 AUTO_INCREMENT=33 ;

--
-- Dumping data for table `users`
--

INSERT INTO `users` (`id`, `first_name`, `last_name`, `password`, `row_pass`, `email`, `contactno`, `gender`, `date_of_birth`, `profession`, `street_address`, `area_name`, `area_id`, `city`, `city_id`, `country`, `country_id`, `postal_code`, `national_id`, `passport_no`, `role`, `active`, `online_status`, `user_lastlogin`, `referral_code`, `referredByCode`, `photo`, `created_by`, `created_at`, `modified_at`) VALUES
(1, 'Md Hossain', 'Shohel', '7c4a8d09ca3762af61e59520943dc26494f8941b', '123456', 'admin@example.com', '01814726811', 'male', '1989-12-12', 'Software Engineer', '183/D Shahajahan road, Mohammadpur', '', 0, '', 0, '', 0, 0, '', '', 'admin', 1, 1, 1442679607, 'IBVJORTP', '', 'mhshohel_thumb.png', 0, 1430499629, 1431080604),
(4, 'Feroz', 'Ahmed', '7c4a8d09ca3762af61e59520943dc26494f8941b', '123456', 'agent@example.com', '01815181584', 'male', '2032-03-04', 'Job Holder', '184/D asad avenue, mohammadpur, dhaka', '', 0, '', 0, 'Bangladesh', 19, 0, '', '', 'agent', 1, 0, 1442649102, 'GFPV7BS0', 'IBVJORTP', 'avatar_thumb.jpg', 1, 1430675701, 1430675701),
(28, 'John', 'Doe', '7c4a8d09ca3762af61e59520943dc26494f8941b', '123456', 'wefd@bu.edu', '4534456', 'male', '1989-05-04', 'Web Developer', '184/D asad avenue, mohammadpur, dhaka', '', 0, '', 0, 'Bangladesh', 19, 0, '', '', 'agent', 1, 1, 1439915582, 'BEFVVAG0', 'GFPV7BS0', 'avatar1_thumb.jpg', 1, 1430676050, 1431078100),
(29, 'Mr Apu', 'Sarkar', '7c4a8d09ca3762af61e59520943dc26494f8941b', '123456', 'api@nai.com', '3454356', 'male', '2032-12-23', 'Student', 'Mirpur, Dhaka', '', 0, '', 0, 'Bangladesh', 19, 0, '', '', 'user', 1, 0, 1432664429, 'JOMPWVZT', 'BEFVVAG0', '', 0, 1431022664, 1431080559),
(30, 'Feroz', 'Ahmed', '7c4a8d09ca3762af61e59520943dc26494f8941b', '123456', 'feroz@gmail.com', '', 'male', NULL, '', '', '', 0, '', 0, 'Bangladesh', 19, 0, '', '', 'admin', 1, 0, 1432576307, 'ZO2ZGK8D', 'GFPV7BS0', '', 1, 1431031428, 1431031428),
(31, 'Mamun', 'Hoque', '7c4a8d09ca3762af61e59520943dc26494f8941b', '123456', 'user@example.com', '01815181584', 'male', '2010-02-04', 'Software Engineer', '184/D asad avenue, mohammadpur, dhaka', '', 0, '', 0, 'Bangladesh', 19, 0, '', '', 'user', 0, 0, 0, '405972', 'IBVJORTP', '', 0, 1440004508, 1440004508),
(32, 'Andrew', 'Alexander', '7c4a8d09ca3762af61e59520943dc26494f8941b', '123456', 'andrew@gmail.com', '354645', 'male', '1934-03-05', 'Software Engineer', '234, Aladin Road, Barlin', '', 0, '', 0, 'Germany', 57, 0, '', '', 'agent', 1, 0, 0, '198564', '', '', 4, 1441470244, 1441470244);

/*!40101 SET CHARACTER_SET_CLIENT=@OLD_CHARACTER_SET_CLIENT */;
/*!40101 SET CHARACTER_SET_RESULTS=@OLD_CHARACTER_SET_RESULTS */;
/*!40101 SET COLLATION_CONNECTION=@OLD_COLLATION_CONNECTION */;
